2026-01-23 15:07:24 [INFO] [ClientIdentityService:attachSession] validating client
2026-01-23 15:07:24 [WARN] [ClientIdentityService:checkRegisteration] client not found {"clientId":"019beb1b-6f6e-7000-bf55-699382450afa"}
2026-01-23 15:07:24 [WARN] [ClientIdentityService:attachSession] client invalid or not found, creating new client
2026-01-23 15:07:24 [ERROR] [ClientIdentityService:attachSession] error during client attachment Error: client not created in createAndReturnClientID
    at attachSession (C:\Users\hp\Desktop\Projects\@hola\hola-server\apps\hola-client\session.tsx:112:48)
    at processTicksAndRejections (native:7:39)
2026-01-23 16:23:36 [INFO] [ClientIdentityService:attachSession] validating client
2026-01-23 16:23:36 [WARN] [ClientIdentityService:checkRegisteration] client not found {"clientId":"019beb1b-6f6e-7000-bf55-699382450afa"}
2026-01-23 16:23:36 [WARN] [ClientIdentityService:attachSession] client invalid or not found, creating new client
2026-01-23 16:23:36 [ERROR] [ClientIdentityService:attachSession] error during client attachment Error: client not created in createAndReturnClientID
    at attachSession (C:\Users\hp\Desktop\Projects\@hola\hola-server\apps\hola-client\session.tsx:112:48)
    at processTicksAndRejections (native:7:39)
2026-01-23 18:04:04 [INFO] [ClientIdentityService:attachSession] validating client
2026-01-23 18:04:04 [WARN] [ClientIdentityService:checkRegisteration] client not found {"clientId":"019beb1b-6f6e-7000-bf55-699382450afa"}
2026-01-23 18:04:04 [WARN] [ClientIdentityService:attachSession] client invalid or not found, creating new client
2026-01-23 18:04:04 [ERROR] [ClientIdentityService:attachSession] error during client attachment Error: client not created in createAndReturnClientID
    at attachSession (C:\Users\hp\Desktop\Projects\@hola\hola-server\apps\hola-client\session.tsx:112:48)
    at processTicksAndRejections (native:7:39)
2026-01-23 20:03:35 [INFO] [ClientIdentityService:attachSession] validating client
2026-01-23 20:03:35 [WARN] [ClientIdentityService:checkRegisteration] client not found {"clientId":"019beb1b-6f6e-7000-bf55-699382450afa"}
2026-01-23 20:03:35 [WARN] [ClientIdentityService:attachSession] client invalid or not found, creating new client
2026-01-23 20:03:35 [ERROR] [ClientIdentityService:attachSession] error during client attachment Error: client not created in createAndReturnClientID
    at attachSession (C:\Users\hp\Desktop\Projects\@hola\hola-server\apps\hola-client\session.tsx:112:48)
    at processTicksAndRejections (native:7:39)
2026-01-23 20:10:24 [INFO] [ClientIdentityService:attachSession] validating client
2026-01-23 20:10:24 [WARN] [ClientIdentityService:checkRegisteration] client not found {"clientId":"019beb1b-6f6e-7000-bf55-699382450afa"}
2026-01-23 20:10:24 [WARN] [ClientIdentityService:attachSession] client invalid or not found, creating new client
2026-01-23 20:10:24 [INFO] [ClientIdentityService:attachSession] client created {"clientId":"019bec43-cac4-7000-ac56-a3766a9cc5bf"}
2026-01-23 20:10:46 [INFO] [ClientIdentityService:attachSession] validating client
2026-01-23 20:10:46 [WARN] [ClientIdentityService:checkRegisteration] client not found {"clientId":"019bec43-cac4-7000-ac56-a3766a9cc5bf"}
2026-01-23 20:10:46 [WARN] [ClientIdentityService:attachSession] client invalid or not found, creating new client
2026-01-23 20:10:46 [INFO] [ClientIdentityService:attachSession] client created {"clientId":"019bec44-217a-7000-ac2a-a0194fb811fc"}
2026-01-23 20:11:48 [INFO] [ClientIdentityService:attachSession] validating client
2026-01-23 20:11:48 [WARN] [ClientIdentityService:checkRegisteration] client not found {"clientId":"019bec44-217a-7000-ac2a-a0194fb811fc"}
2026-01-23 20:11:48 [WARN] [ClientIdentityService:attachSession] client invalid or not found, creating new client
2026-01-23 20:11:48 [INFO] [ClientIdentityService:attachSession] client created {"clientId":"019bec45-12e7-7000-8655-81326b33f58c"}
2026-01-23 20:12:01 [INFO] [ClientIdentityService:attachSession] validating client
2026-01-23 20:12:01 [INFO] [ClientIdentityService:checkRegisteration] client found {"clientId":"019bec45-12e7-7000-8655-81326b33f58c"}
2026-01-23 20:12:01 [INFO] [ClientIdentityService:attachSession] client validated {"clientId":"019bec45-12e7-7000-8655-81326b33f58c"}
2026-01-23 20:12:04 [INFO] [ClientIdentityService:attachSession] validating client
2026-01-23 20:12:04 [INFO] [ClientIdentityService:checkRegisteration] client found {"clientId":"019bec45-12e7-7000-8655-81326b33f58c"}
2026-01-23 20:12:04 [INFO] [ClientIdentityService:attachSession] client validated {"clientId":"019bec45-12e7-7000-8655-81326b33f58c"}
2026-01-23 20:12:38 [INFO] [ClientIdentityService:attachSession] validating client
2026-01-23 20:12:38 [INFO] [ClientIdentityService:checkRegisteration] client found {"clientId":"019bec45-12e7-7000-8655-81326b33f58c"}
2026-01-23 20:12:38 [INFO] [ClientIdentityService:attachSession] client validated {"clientId":"019bec45-12e7-7000-8655-81326b33f58c"}
2026-01-23 20:13:13 [INFO] [ClientIdentityService:attachSession] validating client
2026-01-23 20:13:13 [INFO] [ClientIdentityService:checkRegisteration] client found {"clientId":"019bec45-12e7-7000-8655-81326b33f58c"}
2026-01-23 20:13:13 [INFO] [ClientIdentityService:attachSession] client validated {"clientId":"019bec45-12e7-7000-8655-81326b33f58c"}
2026-01-23 20:14:45 [INFO] [ClientIdentityService:attachSession] validating client
2026-01-23 20:14:45 [WARN] [ClientIdentityService:checkRegisteration] client not found {"clientId":"019bec45-12e7-7000-8655-81326b33f58c"}
2026-01-23 20:14:45 [WARN] [ClientIdentityService:attachSession] client invalid or not found, creating new client
2026-01-23 20:14:45 [ERROR] [ClientIdentityService:attachSession] error during client attachment ReferenceError: fs is not defined
    at <anonymous> (C:\Users\hp\Desktop\Projects\@hola\hola-server\apps\hola-client\attachSession.ts:9:20)
    at createAndReturnClientID (C:\Users\hp\Desktop\Projects\@hola\hola-server\apps\hola-client\attachSession.ts:8:30)
    at attachSession (C:\Users\hp\Desktop\Projects\@hola\hola-server\apps\hola-client\session.tsx:111:46)
    at processTicksAndRejections (native:7:39)
2026-01-23 20:15:29 [INFO] [ClientIdentityService:attachSession] validating client
2026-01-23 20:15:29 [WARN] [ClientIdentityService:checkRegisteration] client not found {"clientId":"019bec45-12e7-7000-8655-81326b33f58c"}
2026-01-23 20:15:29 [WARN] [ClientIdentityService:attachSession] client invalid or not found, creating new client
2026-01-23 20:15:29 [ERROR] [ClientIdentityService:attachSession] error during client attachment ReferenceError: fs is not defined
    at <anonymous> (C:\Users\hp\Desktop\Projects\@hola\hola-server\apps\hola-client\attachSession.ts:9:20)
    at createAndReturnClientID (C:\Users\hp\Desktop\Projects\@hola\hola-server\apps\hola-client\attachSession.ts:8:30)
    at attachSession (C:\Users\hp\Desktop\Projects\@hola\hola-server\apps\hola-client\session.tsx:111:46)
    at processTicksAndRejections (native:7:39)
2026-01-23 20:15:42 [INFO] [ClientIdentityService:attachSession] validating client
2026-01-23 20:15:42 [INFO] [ClientIdentityService:checkRegisteration] client found {"clientId":"019bec45-12e7-7000-8655-81326b33f58c"}
2026-01-23 20:15:42 [INFO] [ClientIdentityService:attachSession] client validated {"clientId":"019bec45-12e7-7000-8655-81326b33f58c"}
2026-01-23 20:16:32 [INFO] [ClientIdentityService:attachSession] validating client
2026-01-23 20:16:32 [INFO] [ClientIdentityService:checkRegisteration] client found {"clientId":"019bec45-12e7-7000-8655-81326b33f58c"}
2026-01-23 20:16:32 [INFO] [ClientIdentityService:attachSession] client validated {"clientId":"019bec45-12e7-7000-8655-81326b33f58c"}
2026-01-23 20:18:54 [INFO] [ClientIdentityService:attachSession] validating client
2026-01-23 20:18:54 [INFO] [ClientIdentityService:checkRegisteration] client found {"clientId":"019bec45-12e7-7000-8655-81326b33f58c"}
2026-01-23 20:18:54 [INFO] [ClientIdentityService:attachSession] client validated {"clientId":"019bec45-12e7-7000-8655-81326b33f58c"}
2026-01-23 20:20:47 [INFO] [ClientIdentityService:attachSession] validating client
2026-01-23 20:20:47 [INFO] [ClientIdentityService:checkRegisteration] client found {"clientId":"019bec45-12e7-7000-8655-81326b33f58c"}
2026-01-23 20:20:47 [INFO] [ClientIdentityService:attachSession] client validated {"clientId":"019bec45-12e7-7000-8655-81326b33f58c"}
2026-01-23 20:21:18 [INFO] [ClientIdentityService:attachSession] validating client
2026-01-23 20:21:19 [INFO] [ClientIdentityService:checkRegisteration] client found {"clientId":"019bec45-12e7-7000-8655-81326b33f58c"}
2026-01-23 20:21:19 [INFO] [ClientIdentityService:attachSession] client validated {"clientId":"019bec45-12e7-7000-8655-81326b33f58c"}
2026-01-23 23:00:20 [INFO] [ClientIdentityService:attachSession] validating client
2026-01-23 23:00:21 [WARN] [ClientIdentityService:checkRegisteration] client not found {"clientId":"019bec45-12e7-7000-8655-81326b33f58c"}
2026-01-23 23:00:21 [WARN] [ClientIdentityService:attachSession] client invalid or not found, creating new client
2026-01-23 23:00:21 [ERROR] [ClientIdentityService:attachSession] error during client attachment Error: ENOENT: no such file or directory, open 'C:\Users\hp\Desktop\Projects\@hola\hola-server\apps\hola-client\session/fakebail.json'
    at readFileSync (unknown)
    at <anonymous> (C:\Users\hp\Desktop\Projects\@hola\hola-server\apps\hola-client\session\attachSession.ts:9:23)
    at createAndReturnClientID (C:\Users\hp\Desktop\Projects\@hola\hola-server\apps\hola-client\session\attachSession.ts:8:30)
    at attachSession (C:\Users\hp\Desktop\Projects\@hola\hola-server\apps\hola-client\session\createClientIdentityService.tsx:106:42)
    at processTicksAndRejections (native:7:39)
2026-01-23 23:05:26 [INFO] [ClientIdentityService:attachSession] validating client
2026-01-23 23:05:26 [WARN] [ClientIdentityService:checkRegisteration] client not found {"clientId":"019bec45-12e7-7000-8655-81326b33f58c"}
2026-01-23 23:05:26 [WARN] [ClientIdentityService:attachSession] client invalid or not found, creating new client
2026-01-23 23:05:26 [INFO] [ClientIdentityService:attachSession] client created {"clientId":"019bece4-0b86-7000-bca7-16fff2d23834"}
2026-01-23 23:05:50 [INFO] [ClientIdentityService:attachSession] validating client
2026-01-23 23:05:50 [INFO] [ClientIdentityService:checkRegisteration] client found {"clientId":"019bece4-0b86-7000-bca7-16fff2d23834"}
2026-01-23 23:05:50 [INFO] [ClientIdentityService:attachSession] client validated {"clientId":"019bece4-0b86-7000-bca7-16fff2d23834"}
2026-01-23 23:07:17 [INFO] [ClientIdentityService:attachSession] validating client
2026-01-23 23:07:17 [INFO] [ClientIdentityService:checkRegisteration] client found {"clientId":"019bece4-0b86-7000-bca7-16fff2d23834"}
2026-01-23 23:07:17 [INFO] [ClientIdentityService:attachSession] client validated {"clientId":"019bece4-0b86-7000-bca7-16fff2d23834"}
2026-01-23 23:08:23 [INFO] [ClientIdentityService:attachSession] validating client
2026-01-23 23:08:23 [INFO] [ClientIdentityService:checkRegisteration] client found {"clientId":"019bece4-0b86-7000-bca7-16fff2d23834"}
2026-01-23 23:08:23 [INFO] [ClientIdentityService:attachSession] client validated {"clientId":"019bece4-0b86-7000-bca7-16fff2d23834"}
2026-01-23 23:10:11 [INFO] [ClientIdentityService:attachSession] validating client
2026-01-23 23:10:11 [INFO] [ClientIdentityService:checkRegisteration] client found {"clientId":"019bece4-0b86-7000-bca7-16fff2d23834"}
2026-01-23 23:10:11 [INFO] [ClientIdentityService:attachSession] client validated {"clientId":"019bece4-0b86-7000-bca7-16fff2d23834"}
2026-01-23 23:12:16 [INFO] [ClientIdentityService:attachSession] validating client
2026-01-23 23:12:16 [INFO] [ClientIdentityService:checkRegisteration] client found {"clientId":"019bece4-0b86-7000-bca7-16fff2d23834"}
2026-01-23 23:12:16 [INFO] [ClientIdentityService:attachSession] client validated {"clientId":"019bece4-0b86-7000-bca7-16fff2d23834"}
2026-01-23 23:12:32 [INFO] [ClientIdentityService:attachSession] validating client
2026-01-23 23:12:32 [INFO] [ClientIdentityService:checkRegisteration] client found {"clientId":"019bece4-0b86-7000-bca7-16fff2d23834"}
2026-01-23 23:12:32 [INFO] [ClientIdentityService:attachSession] client validated {"clientId":"019bece4-0b86-7000-bca7-16fff2d23834"}
2026-01-23 23:30:13 [INFO] [ClientIdentityService:attachSession] validating client
2026-01-23 23:30:13 [WARN] [ClientIdentityService:checkRegisteration] client not found {"clientId":"019bece4-0b86-7000-bca7-16fff2d23834"}
2026-01-23 23:30:13 [WARN] [ClientIdentityService:attachSession] client invalid or not found, creating new client
2026-01-23 23:30:13 [INFO] [ClientIdentityService:attachSession] client created {"clientId":"6973f67552c9d67bbd51190b"}
2026-01-23 23:30:35 [INFO] [ClientIdentityService:attachSession] validating client
2026-01-23 23:30:36 [INFO] [ClientIdentityService:checkRegisteration] client found {"clientId":"6973f67552c9d67bbd51190b"}
2026-01-23 23:30:36 [INFO] [ClientIdentityService:attachSession] client validated {"clientId":"6973f67552c9d67bbd51190b"}
2026-01-23 23:33:31 [INFO] [ClientIdentityService:attachSession] validating client
2026-01-23 23:33:31 [INFO] [ClientIdentityService:checkRegisteration] client found {"clientId":"6973f67552c9d67bbd51190b"}
2026-01-23 23:33:31 [INFO] [ClientIdentityService:attachSession] client validated {"clientId":"6973f67552c9d67bbd51190b"}
2026-01-23 23:33:39 [INFO] [ClientIdentityService:attachSession] validating client
2026-01-23 23:33:39 [WARN] [ClientIdentityService:checkRegisteration] client not found {}
2026-01-23 23:33:39 [WARN] [ClientIdentityService:attachSession] client invalid or not found, creating new client
2026-01-23 23:33:39 [ERROR] [ClientIdentityService:attachSession] error during client attachment Error: client not created in createAndReturnClientID
    at attachSession (C:\Users\hp\Desktop\Projects\@hola\hola-server\apps\hola-client\session\createClientIdentityService.tsx:107:44)
    at processTicksAndRejections (native:7:39)
2026-01-23 23:33:58 [INFO] [ClientIdentityService:attachSession] validating client
2026-01-23 23:33:58 [WARN] [ClientIdentityService:checkRegisteration] client not found {}
2026-01-23 23:33:58 [WARN] [ClientIdentityService:attachSession] client invalid or not found, creating new client
2026-01-23 23:33:58 [ERROR] [ClientIdentityService:attachSession] error during client attachment MongooseError: document must have an _id before saving
    at new MongooseError (unknown:1:28)
    at $__save (C:\Users\hp\Desktop\Projects\@hola\hola-server\node_modules\mongoose\lib\model.js:390:19)
    at processTicksAndRejections (native:7:39)
2026-01-23 23:33:59 [INFO] [ClientIdentityService:attachSession] validating client
2026-01-23 23:33:59 [INFO] [ClientIdentityService:checkRegisteration] client found {"clientId":"6973f67552c9d67bbd51190b"}
2026-01-23 23:33:59 [INFO] [ClientIdentityService:attachSession] client validated {"clientId":"6973f67552c9d67bbd51190b"}
2026-01-23 23:34:08 [INFO] [ClientIdentityService:attachSession] validating client
2026-01-23 23:34:08 [WARN] [ClientIdentityService:checkRegisteration] client not found {}
2026-01-23 23:34:08 [WARN] [ClientIdentityService:attachSession] client invalid or not found, creating new client
2026-01-23 23:34:08 [INFO] [ClientIdentityService:attachSession] client created {"clientId":"6973f760d497972fa7e71988"}
2026-01-23 23:34:08 [INFO] [ClientIdentityService:attachSession] validating client
2026-01-23 23:34:08 [INFO] [ClientIdentityService:checkRegisteration] client found {"clientId":"6973f67552c9d67bbd51190b"}
2026-01-23 23:34:08 [INFO] [ClientIdentityService:attachSession] client validated {"clientId":"6973f67552c9d67bbd51190b"}
2026-01-23 23:34:29 [INFO] [ClientIdentityService:attachSession] validating client
2026-01-23 23:34:29 [INFO] [ClientIdentityService:checkRegisteration] client found {"clientId":"6973f760d497972fa7e71988"}
2026-01-23 23:34:29 [INFO] [ClientIdentityService:attachSession] client validated {"clientId":"6973f760d497972fa7e71988"}
2026-01-23 23:34:32 [INFO] [ClientIdentityService:attachSession] validating client
2026-01-23 23:34:32 [INFO] [ClientIdentityService:checkRegisteration] client found {"clientId":"6973f67552c9d67bbd51190b"}
2026-01-23 23:34:32 [INFO] [ClientIdentityService:attachSession] client validated {"clientId":"6973f67552c9d67bbd51190b"}
2026-01-23 23:34:32 [INFO] [ClientIdentityService:attachSession] validating client
2026-01-23 23:34:32 [INFO] [ClientIdentityService:checkRegisteration] client found {"clientId":"6973f760d497972fa7e71988"}
2026-01-23 23:34:32 [INFO] [ClientIdentityService:attachSession] client validated {"clientId":"6973f760d497972fa7e71988"}
2026-01-24 00:01:55 [INFO] [ClientIdentityService:attachSession] validating client
2026-01-24 00:01:55 [INFO] [ClientIdentityService:checkRegisteration] client found {"clientId":"6973f67552c9d67bbd51190b"}
2026-01-24 00:01:55 [INFO] [ClientIdentityService:attachSession] client validated {"clientId":"6973f67552c9d67bbd51190b"}
2026-01-24 00:05:12 [INFO] [ClientIdentityService:attachSession] validating client
2026-01-24 00:05:12 [INFO] [ClientIdentityService:checkRegisteration] client found {"clientId":"6973f67552c9d67bbd51190b"}
2026-01-24 00:05:12 [INFO] [ClientIdentityService:attachSession] client validated {"clientId":"6973f67552c9d67bbd51190b"}
2026-01-24 00:05:20 [INFO] [ClientIdentityService:attachSession] validating client
2026-01-24 00:05:20 [INFO] [ClientIdentityService:checkRegisteration] client found {"clientId":"6973f67552c9d67bbd51190b"}
2026-01-24 00:05:20 [INFO] [ClientIdentityService:attachSession] client validated {"clientId":"6973f67552c9d67bbd51190b"}
2026-01-24 00:05:44 [INFO] [ClientIdentityService:attachSession] validating client
2026-01-24 00:05:45 [INFO] [ClientIdentityService:checkRegisteration] client found {"clientId":"6973f67552c9d67bbd51190b"}
2026-01-24 00:05:45 [INFO] [ClientIdentityService:attachSession] client validated {"clientId":"6973f67552c9d67bbd51190b"}
2026-01-24 00:06:13 [INFO] [ClientIdentityService:attachSession] validating client
2026-01-24 00:06:13 [INFO] [ClientIdentityService:checkRegisteration] client found {"clientId":"6973f67552c9d67bbd51190b"}
2026-01-24 00:06:13 [INFO] [ClientIdentityService:attachSession] client validated {"clientId":"6973f67552c9d67bbd51190b"}
2026-01-24 00:06:19 [INFO] [ClientIdentityService:attachSession] validating client
2026-01-24 00:06:19 [INFO] [ClientIdentityService:checkRegisteration] client found {"clientId":"6973f67552c9d67bbd51190b"}
2026-01-24 00:06:19 [INFO] [ClientIdentityService:attachSession] client validated {"clientId":"6973f67552c9d67bbd51190b"}
2026-01-24 00:06:24 [INFO] [ClientIdentityService:attachSession] validating client
2026-01-24 00:06:25 [INFO] [ClientIdentityService:checkRegisteration] client found {"clientId":"6973f67552c9d67bbd51190b"}
2026-01-24 00:06:25 [INFO] [ClientIdentityService:attachSession] client validated {"clientId":"6973f67552c9d67bbd51190b"}
2026-01-24 00:23:13 [INFO] [ClientIdentityService:attachSession] validating client
2026-01-24 00:23:13 [INFO] [ClientIdentityService:checkRegisteration] client found {"clientId":"6973f67552c9d67bbd51190b"}
2026-01-24 00:23:13 [INFO] [ClientIdentityService:attachSession] client validated {"clientId":"6973f67552c9d67bbd51190b"}
2026-01-24 00:24:18 [INFO] [ClientIdentityService:attachSession] validating client
2026-01-24 00:24:18 [INFO] [ClientIdentityService:checkRegisteration] client found {"clientId":"6973f67552c9d67bbd51190b"}
2026-01-24 00:24:18 [INFO] [ClientIdentityService:attachSession] client validated {"clientId":"6973f67552c9d67bbd51190b"}
2026-01-24 00:25:15 [INFO] [ClientIdentityService:attachSession] validating client
2026-01-24 00:25:15 [INFO] [ClientIdentityService:checkRegisteration] client found {"clientId":"6973f67552c9d67bbd51190b"}
2026-01-24 00:25:15 [INFO] [ClientIdentityService:attachSession] client validated {"clientId":"6973f67552c9d67bbd51190b"}
2026-01-24 00:25:44 [INFO] [ClientIdentityService:attachSession] validating client
2026-01-24 00:25:44 [INFO] [ClientIdentityService:checkRegisteration] client found {"clientId":"6973f67552c9d67bbd51190b"}
2026-01-24 00:25:44 [INFO] [ClientIdentityService:attachSession] client validated {"clientId":"6973f67552c9d67bbd51190b"}
2026-01-24 00:25:48 [INFO] [ClientIdentityService:attachSession] validating client
2026-01-24 00:25:48 [INFO] [ClientIdentityService:checkRegisteration] client found {"clientId":"6973f67552c9d67bbd51190b"}
2026-01-24 00:25:48 [INFO] [ClientIdentityService:attachSession] client validated {"clientId":"6973f67552c9d67bbd51190b"}
2026-01-24 00:27:44 [INFO] [ClientIdentityService:attachSession] validating client
2026-01-24 00:27:44 [INFO] [ClientIdentityService:checkRegisteration] client found {"clientId":"6973f67552c9d67bbd51190b"}
2026-01-24 00:27:44 [INFO] [ClientIdentityService:attachSession] client validated {"clientId":"6973f67552c9d67bbd51190b"}
2026-01-24 00:31:25 [INFO] [ClientIdentityService:attachSession] validating client
2026-01-24 00:31:25 [INFO] [ClientIdentityService:checkRegisteration] client found {"clientId":"6973f67552c9d67bbd51190b"}
2026-01-24 00:31:25 [INFO] [ClientIdentityService:attachSession] client validated {"clientId":"6973f67552c9d67bbd51190b"}
2026-01-24 00:31:41 [INFO] [ClientIdentityService:attachSession] validating client
2026-01-24 00:31:41 [INFO] [ClientIdentityService:checkRegisteration] client found {"clientId":"6973f67552c9d67bbd51190b"}
2026-01-24 00:31:41 [INFO] [ClientIdentityService:attachSession] client validated {"clientId":"6973f67552c9d67bbd51190b"}
2026-01-24 00:32:51 [INFO] [ClientIdentityService:attachSession] validating client
2026-01-24 00:32:51 [INFO] [ClientIdentityService:checkRegisteration] client found {"clientId":"6973f67552c9d67bbd51190b"}
2026-01-24 00:32:51 [INFO] [ClientIdentityService:attachSession] client validated {"clientId":"6973f67552c9d67bbd51190b"}
2026-01-24 00:33:16 [INFO] [ClientIdentityService:attachSession] validating client
2026-01-24 00:33:16 [INFO] [ClientIdentityService:checkRegisteration] client found {"clientId":"6973f67552c9d67bbd51190b"}
2026-01-24 00:33:16 [INFO] [ClientIdentityService:attachSession] client validated {"clientId":"6973f67552c9d67bbd51190b"}
2026-01-24 00:34:12 [INFO] [ClientIdentityService:attachSession] validating client
2026-01-24 00:34:12 [INFO] [ClientIdentityService:checkRegisteration] client found {"clientId":"6973f67552c9d67bbd51190b"}
2026-01-24 00:34:12 [INFO] [ClientIdentityService:attachSession] client validated {"clientId":"6973f67552c9d67bbd51190b"}
2026-01-24 00:34:37 [INFO] [ClientIdentityService:attachSession] validating client
2026-01-24 00:34:37 [INFO] [ClientIdentityService:checkRegisteration] client found {"clientId":"6973f67552c9d67bbd51190b"}
2026-01-24 00:34:37 [INFO] [ClientIdentityService:attachSession] client validated {"clientId":"6973f67552c9d67bbd51190b"}
2026-01-24 00:34:48 [INFO] [ClientIdentityService:attachSession] validating client
2026-01-24 00:34:48 [INFO] [ClientIdentityService:checkRegisteration] client found {"clientId":"6973f67552c9d67bbd51190b"}
2026-01-24 00:34:48 [INFO] [ClientIdentityService:attachSession] client validated {"clientId":"6973f67552c9d67bbd51190b"}
2026-01-24 00:51:51 [INFO] [ClientIdentityService:attachSession] validating client
2026-01-24 00:51:51 [INFO] [ClientIdentityService:checkRegisteration] client found {"clientId":"6973f67552c9d67bbd51190b"}
2026-01-24 00:51:51 [INFO] [ClientIdentityService:attachSession] client validated {"clientId":"6973f67552c9d67bbd51190b"}
2026-01-24 00:52:57 [INFO] [ClientIdentityService:attachSession] validating client
2026-01-24 00:52:58 [INFO] [ClientIdentityService:checkRegisteration] client found {"clientId":"6973f67552c9d67bbd51190b"}
2026-01-24 00:52:58 [INFO] [ClientIdentityService:attachSession] client validated {"clientId":"6973f67552c9d67bbd51190b"}
2026-01-24 00:53:11 [INFO] [ClientIdentityService:attachSession] validating client
2026-01-24 00:53:11 [INFO] [ClientIdentityService:checkRegisteration] client found {"clientId":"6973f67552c9d67bbd51190b"}
2026-01-24 00:53:11 [INFO] [ClientIdentityService:attachSession] client validated {"clientId":"6973f67552c9d67bbd51190b"}
2026-01-24 01:02:17 [INFO] [ClientIdentityService:attachSession] validating client
2026-01-24 01:02:18 [INFO] [ClientIdentityService:checkRegisteration] client found {"clientId":"6973f67552c9d67bbd51190b"}
2026-01-24 01:02:18 [INFO] [ClientIdentityService:attachSession] client validated {"clientId":"6973f67552c9d67bbd51190b"}
2026-01-24 01:02:21 [INFO] [ClientIdentityService:attachSession] validating client
2026-01-24 01:02:21 [INFO] [ClientIdentityService:checkRegisteration] client found {"clientId":"6973f67552c9d67bbd51190b"}
2026-01-24 01:02:21 [INFO] [ClientIdentityService:attachSession] client validated {"clientId":"6973f67552c9d67bbd51190b"}
2026-01-24 01:02:35 [INFO] [ClientIdentityService:attachSession] validating client
2026-01-24 01:02:35 [INFO] [ClientIdentityService:checkRegisteration] client found {"clientId":"6973f67552c9d67bbd51190b"}
2026-01-24 01:02:35 [INFO] [ClientIdentityService:attachSession] client validated {"clientId":"6973f67552c9d67bbd51190b"}
2026-01-24 01:02:59 [INFO] [ClientIdentityService:attachSession] validating client
2026-01-24 01:02:59 [INFO] [ClientIdentityService:checkRegisteration] client found {"clientId":"6973f67552c9d67bbd51190b"}
2026-01-24 01:02:59 [INFO] [ClientIdentityService:attachSession] client validated {"clientId":"6973f67552c9d67bbd51190b"}
2026-01-24 01:03:04 [INFO] [ClientIdentityService:attachSession] validating client
2026-01-24 01:03:04 [INFO] [ClientIdentityService:checkRegisteration] client found {"clientId":"6973f67552c9d67bbd51190b"}
2026-01-24 01:03:04 [INFO] [ClientIdentityService:attachSession] client validated {"clientId":"6973f67552c9d67bbd51190b"}
2026-01-24 01:03:36 [INFO] [ClientIdentityService:attachSession] validating client
2026-01-24 01:03:36 [INFO] [ClientIdentityService:checkRegisteration] client found {"clientId":"6973f67552c9d67bbd51190b"}
2026-01-24 01:03:36 [INFO] [ClientIdentityService:attachSession] client validated {"clientId":"6973f67552c9d67bbd51190b"}
2026-01-24 01:03:41 [INFO] [ClientIdentityService:attachSession] validating client
2026-01-24 01:03:41 [INFO] [ClientIdentityService:checkRegisteration] client found {"clientId":"6973f67552c9d67bbd51190b"}
2026-01-24 01:03:41 [INFO] [ClientIdentityService:attachSession] client validated {"clientId":"6973f67552c9d67bbd51190b"}
2026-01-24 01:03:56 [INFO] [ClientIdentityService:attachSession] validating client
2026-01-24 01:03:56 [INFO] [ClientIdentityService:checkRegisteration] client found {"clientId":"6973f67552c9d67bbd51190b"}
2026-01-24 01:03:56 [INFO] [ClientIdentityService:attachSession] client validated {"clientId":"6973f67552c9d67bbd51190b"}
2026-01-24 01:04:33 [INFO] [ClientIdentityService:attachSession] validating client
2026-01-24 01:04:33 [INFO] [ClientIdentityService:checkRegisteration] client found {"clientId":"6973f67552c9d67bbd51190b"}
2026-01-24 01:04:33 [INFO] [ClientIdentityService:attachSession] client validated {"clientId":"6973f67552c9d67bbd51190b"}
2026-01-24 01:04:36 [INFO] [ClientIdentityService:attachSession] validating client
2026-01-24 01:04:36 [INFO] [ClientIdentityService:checkRegisteration] client found {"clientId":"6973f67552c9d67bbd51190b"}
2026-01-24 01:04:36 [INFO] [ClientIdentityService:attachSession] client validated {"clientId":"6973f67552c9d67bbd51190b"}
2026-01-24 01:04:39 [INFO] [ClientIdentityService:attachSession] validating client
2026-01-24 01:04:39 [INFO] [ClientIdentityService:checkRegisteration] client found {"clientId":"6973f67552c9d67bbd51190b"}
2026-01-24 01:04:39 [INFO] [ClientIdentityService:attachSession] client validated {"clientId":"6973f67552c9d67bbd51190b"}
2026-01-24 01:06:58 [INFO] [ClientIdentityService:attachSession] validating client
2026-01-24 01:06:58 [INFO] [ClientIdentityService:checkRegisteration] client found {"clientId":"6973f67552c9d67bbd51190b"}
2026-01-24 01:06:58 [INFO] [ClientIdentityService:attachSession] client validated {"clientId":"6973f67552c9d67bbd51190b"}
2026-01-24 01:07:02 [INFO] [ClientIdentityService:attachSession] validating client
2026-01-24 01:07:03 [INFO] [ClientIdentityService:checkRegisteration] client found {"clientId":"6973f67552c9d67bbd51190b"}
2026-01-24 01:07:03 [INFO] [ClientIdentityService:attachSession] client validated {"clientId":"6973f67552c9d67bbd51190b"}
2026-01-24 01:07:52 [INFO] [ClientIdentityService:attachSession] validating client
2026-01-24 01:07:52 [INFO] [ClientIdentityService:checkRegisteration] client found {"clientId":"6973f67552c9d67bbd51190b"}
2026-01-24 01:07:52 [INFO] [ClientIdentityService:attachSession] client validated {"clientId":"6973f67552c9d67bbd51190b"}
2026-01-24 01:07:54 [INFO] [ClientIdentityService:attachSession] validating client
2026-01-24 01:07:54 [INFO] [ClientIdentityService:checkRegisteration] client found {"clientId":"6973f67552c9d67bbd51190b"}
2026-01-24 01:07:54 [INFO] [ClientIdentityService:attachSession] client validated {"clientId":"6973f67552c9d67bbd51190b"}
2026-01-24 01:07:57 [INFO] [ClientIdentityService:attachSession] validating client
2026-01-24 01:07:57 [INFO] [ClientIdentityService:checkRegisteration] client found {"clientId":"6973f67552c9d67bbd51190b"}
2026-01-24 01:07:57 [INFO] [ClientIdentityService:attachSession] client validated {"clientId":"6973f67552c9d67bbd51190b"}
2026-01-24 01:08:09 [INFO] [ClientIdentityService:attachSession] validating client
2026-01-24 01:08:09 [INFO] [ClientIdentityService:checkRegisteration] client found {"clientId":"6973f67552c9d67bbd51190b"}
2026-01-24 01:08:09 [INFO] [ClientIdentityService:attachSession] client validated {"clientId":"6973f67552c9d67bbd51190b"}
2026-01-24 01:08:10 [INFO] [ClientIdentityService:attachSession] validating client
2026-01-24 01:08:10 [INFO] [ClientIdentityService:checkRegisteration] client found {"clientId":"6973f67552c9d67bbd51190b"}
2026-01-24 01:08:10 [INFO] [ClientIdentityService:attachSession] client validated {"clientId":"6973f67552c9d67bbd51190b"}
2026-01-24 01:08:23 [INFO] [ClientIdentityService:attachSession] validating client
2026-01-24 01:08:24 [INFO] [ClientIdentityService:checkRegisteration] client found {"clientId":"6973f67552c9d67bbd51190b"}
2026-01-24 01:08:24 [INFO] [ClientIdentityService:attachSession] client validated {"clientId":"6973f67552c9d67bbd51190b"}
2026-01-24 01:08:29 [INFO] [ClientIdentityService:attachSession] validating client
2026-01-24 01:08:29 [INFO] [ClientIdentityService:checkRegisteration] client found {"clientId":"6973f67552c9d67bbd51190b"}
2026-01-24 01:08:29 [INFO] [ClientIdentityService:attachSession] client validated {"clientId":"6973f67552c9d67bbd51190b"}
2026-01-24 01:09:32 [INFO] [ClientIdentityService:attachSession] validating client
2026-01-24 01:09:32 [INFO] [ClientIdentityService:attachSession] validating client
2026-01-24 01:09:32 [INFO] [ClientIdentityService:checkRegisteration] client found {"clientId":"6973f67552c9d67bbd51190b"}
2026-01-24 01:09:32 [INFO] [ClientIdentityService:attachSession] client validated {"clientId":"6973f67552c9d67bbd51190b"}
2026-01-24 01:09:32 [INFO] [ClientIdentityService:checkRegisteration] client found {"clientId":"6973f67552c9d67bbd51190b"}
2026-01-24 01:09:32 [INFO] [ClientIdentityService:attachSession] client validated {"clientId":"6973f67552c9d67bbd51190b"}
2026-01-24 01:09:32 [INFO] [ClientIdentityService:attachSession] validating client
2026-01-24 01:09:32 [INFO] [ClientIdentityService:checkRegisteration] client found {"clientId":"6973f67552c9d67bbd51190b"}
2026-01-24 01:09:32 [INFO] [ClientIdentityService:attachSession] client validated {"clientId":"6973f67552c9d67bbd51190b"}
2026-01-24 01:09:37 [INFO] [ClientIdentityService:attachSession] validating client
2026-01-24 01:09:37 [INFO] [ClientIdentityService:checkRegisteration] client found {"clientId":"6973f67552c9d67bbd51190b"}
2026-01-24 01:09:37 [INFO] [ClientIdentityService:attachSession] client validated {"clientId":"6973f67552c9d67bbd51190b"}
2026-01-24 01:09:44 [INFO] [ClientIdentityService:attachSession] validating client
2026-01-24 01:09:44 [INFO] [ClientIdentityService:checkRegisteration] client found {"clientId":"6973f67552c9d67bbd51190b"}
2026-01-24 01:09:44 [INFO] [ClientIdentityService:attachSession] client validated {"clientId":"6973f67552c9d67bbd51190b"}
2026-01-24 01:09:54 [INFO] [ClientIdentityService:attachSession] validating client
2026-01-24 01:09:54 [INFO] [ClientIdentityService:checkRegisteration] client found {"clientId":"6973f67552c9d67bbd51190b"}
2026-01-24 01:09:54 [INFO] [ClientIdentityService:attachSession] client validated {"clientId":"6973f67552c9d67bbd51190b"}
2026-01-24 01:10:19 [INFO] [ClientIdentityService:attachSession] validating client
2026-01-24 01:10:19 [INFO] [ClientIdentityService:checkRegisteration] client found {"clientId":"6973f67552c9d67bbd51190b"}
2026-01-24 01:10:19 [INFO] [ClientIdentityService:attachSession] client validated {"clientId":"6973f67552c9d67bbd51190b"}
2026-01-24 01:10:19 [INFO] [ClientIdentityService:attachSession] validating client
2026-01-24 01:10:19 [INFO] [ClientIdentityService:checkRegisteration] client found {"clientId":"6973f67552c9d67bbd51190b"}
2026-01-24 01:10:19 [INFO] [ClientIdentityService:attachSession] client validated {"clientId":"6973f67552c9d67bbd51190b"}
2026-01-24 01:10:21 [INFO] [ClientIdentityService:attachSession] validating client
2026-01-24 01:10:21 [INFO] [ClientIdentityService:checkRegisteration] client found {"clientId":"6973f67552c9d67bbd51190b"}
2026-01-24 01:10:21 [INFO] [ClientIdentityService:attachSession] client validated {"clientId":"6973f67552c9d67bbd51190b"}
2026-01-24 01:10:23 [INFO] [ClientIdentityService:attachSession] validating client
2026-01-24 01:10:23 [INFO] [ClientIdentityService:checkRegisteration] client found {"clientId":"6973f67552c9d67bbd51190b"}
2026-01-24 01:10:23 [INFO] [ClientIdentityService:attachSession] client validated {"clientId":"6973f67552c9d67bbd51190b"}
2026-01-24 01:10:38 [INFO] [ClientIdentityService:attachSession] validating client
2026-01-24 01:10:38 [INFO] [ClientIdentityService:checkRegisteration] client found {"clientId":"6973f67552c9d67bbd51190b"}
2026-01-24 01:10:38 [INFO] [ClientIdentityService:attachSession] client validated {"clientId":"6973f67552c9d67bbd51190b"}
2026-01-24 01:10:38 [INFO] [ClientIdentityService:attachSession] validating client
2026-01-24 01:10:38 [INFO] [ClientIdentityService:checkRegisteration] client found {"clientId":"6973f67552c9d67bbd51190b"}
2026-01-24 01:10:38 [INFO] [ClientIdentityService:attachSession] client validated {"clientId":"6973f67552c9d67bbd51190b"}
2026-01-24 01:10:47 [INFO] [ClientIdentityService:attachSession] validating client
2026-01-24 01:10:47 [INFO] [ClientIdentityService:checkRegisteration] client found {"clientId":"6973f67552c9d67bbd51190b"}
2026-01-24 01:10:47 [INFO] [ClientIdentityService:attachSession] client validated {"clientId":"6973f67552c9d67bbd51190b"}
2026-01-24 01:11:24 [INFO] [ClientIdentityService:attachSession] validating client
2026-01-24 01:11:25 [INFO] [ClientIdentityService:checkRegisteration] client found {"clientId":"6973f67552c9d67bbd51190b"}
2026-01-24 01:11:25 [INFO] [ClientIdentityService:attachSession] client validated {"clientId":"6973f67552c9d67bbd51190b"}
2026-01-24 01:11:25 [INFO] [ClientIdentityService:attachSession] validating client
2026-01-24 01:11:25 [INFO] [ClientIdentityService:checkRegisteration] client found {"clientId":"6973f67552c9d67bbd51190b"}
2026-01-24 01:11:25 [INFO] [ClientIdentityService:attachSession] client validated {"clientId":"6973f67552c9d67bbd51190b"}
2026-01-24 01:12:12 [INFO] [ClientIdentityService:attachSession] validating client
2026-01-24 01:12:12 [INFO] [ClientIdentityService:checkRegisteration] client found {"clientId":"6973f67552c9d67bbd51190b"}
2026-01-24 01:12:12 [INFO] [ClientIdentityService:attachSession] client validated {"clientId":"6973f67552c9d67bbd51190b"}
2026-01-24 01:12:12 [INFO] [ClientIdentityService:attachSession] validating client
2026-01-24 01:12:12 [INFO] [ClientIdentityService:checkRegisteration] client found {"clientId":"6973f67552c9d67bbd51190b"}
2026-01-24 01:12:12 [INFO] [ClientIdentityService:attachSession] client validated {"clientId":"6973f67552c9d67bbd51190b"}
2026-01-24 01:13:07 [INFO] [ClientIdentityService:attachSession] validating client
2026-01-24 01:13:07 [INFO] [ClientIdentityService:checkRegisteration] client found {"clientId":"6973f67552c9d67bbd51190b"}
2026-01-24 01:13:07 [INFO] [ClientIdentityService:attachSession] client validated {"clientId":"6973f67552c9d67bbd51190b"}
2026-01-24 01:13:07 [INFO] [ClientIdentityService:attachSession] validating client
2026-01-24 01:13:07 [INFO] [ClientIdentityService:checkRegisteration] client found {"clientId":"6973f67552c9d67bbd51190b"}
2026-01-24 01:13:07 [INFO] [ClientIdentityService:attachSession] client validated {"clientId":"6973f67552c9d67bbd51190b"}
2026-01-24 01:13:12 [INFO] [ClientIdentityService:attachSession] validating client
2026-01-24 01:13:12 [INFO] [ClientIdentityService:checkRegisteration] client found {"clientId":"6973f67552c9d67bbd51190b"}
2026-01-24 01:13:12 [INFO] [ClientIdentityService:attachSession] client validated {"clientId":"6973f67552c9d67bbd51190b"}
2026-01-24 01:13:12 [INFO] [ClientIdentityService:attachSession] validating client
2026-01-24 01:13:12 [INFO] [ClientIdentityService:checkRegisteration] client found {"clientId":"6973f67552c9d67bbd51190b"}
2026-01-24 01:13:12 [INFO] [ClientIdentityService:attachSession] client validated {"clientId":"6973f67552c9d67bbd51190b"}
2026-01-24 01:13:58 [INFO] [ClientIdentityService:attachSession] validating client
2026-01-24 01:13:58 [INFO] [ClientIdentityService:checkRegisteration] client found {"clientId":"6973f67552c9d67bbd51190b"}
2026-01-24 01:13:58 [INFO] [ClientIdentityService:attachSession] client validated {"clientId":"6973f67552c9d67bbd51190b"}
2026-01-24 01:14:44 [INFO] [ClientIdentityService:attachSession] validating client
2026-01-24 01:14:45 [INFO] [ClientIdentityService:checkRegisteration] client found {"clientId":"6973f67552c9d67bbd51190b"}
2026-01-24 01:14:45 [INFO] [ClientIdentityService:attachSession] client validated {"clientId":"6973f67552c9d67bbd51190b"}
2026-01-24 01:15:03 [INFO] [ClientIdentityService:attachSession] validating client
2026-01-24 01:15:04 [INFO] [ClientIdentityService:checkRegisteration] client found {"clientId":"6973f67552c9d67bbd51190b"}
2026-01-24 01:15:04 [INFO] [ClientIdentityService:attachSession] client validated {"clientId":"6973f67552c9d67bbd51190b"}
2026-01-24 01:15:05 [INFO] [ClientIdentityService:attachSession] validating client
2026-01-24 01:15:06 [INFO] [ClientIdentityService:checkRegisteration] client found {"clientId":"6973f67552c9d67bbd51190b"}
2026-01-24 01:15:06 [INFO] [ClientIdentityService:attachSession] client validated {"clientId":"6973f67552c9d67bbd51190b"}
2026-01-24 01:15:09 [INFO] [ClientIdentityService:attachSession] validating client
2026-01-24 01:15:09 [INFO] [ClientIdentityService:checkRegisteration] client found {"clientId":"6973f67552c9d67bbd51190b"}
2026-01-24 01:15:09 [INFO] [ClientIdentityService:attachSession] client validated {"clientId":"6973f67552c9d67bbd51190b"}
2026-01-24 01:15:17 [INFO] [ClientIdentityService:attachSession] validating client
2026-01-24 01:15:17 [INFO] [ClientIdentityService:checkRegisteration] client found {"clientId":"6973f67552c9d67bbd51190b"}
2026-01-24 01:15:17 [INFO] [ClientIdentityService:attachSession] client validated {"clientId":"6973f67552c9d67bbd51190b"}
2026-01-24 01:15:20 [INFO] [ClientIdentityService:attachSession] validating client
2026-01-24 01:15:20 [INFO] [ClientIdentityService:checkRegisteration] client found {"clientId":"6973f67552c9d67bbd51190b"}
2026-01-24 01:15:20 [INFO] [ClientIdentityService:attachSession] client validated {"clientId":"6973f67552c9d67bbd51190b"}
2026-01-24 01:15:27 [INFO] [ClientIdentityService:attachSession] validating client
2026-01-24 01:15:28 [INFO] [ClientIdentityService:checkRegisteration] client found {"clientId":"6973f67552c9d67bbd51190b"}
2026-01-24 01:15:28 [INFO] [ClientIdentityService:attachSession] client validated {"clientId":"6973f67552c9d67bbd51190b"}
2026-01-24 01:15:37 [INFO] [ClientIdentityService:attachSession] validating client
2026-01-24 01:15:37 [INFO] [ClientIdentityService:checkRegisteration] client found {"clientId":"6973f67552c9d67bbd51190b"}
2026-01-24 01:15:37 [INFO] [ClientIdentityService:attachSession] client validated {"clientId":"6973f67552c9d67bbd51190b"}
2026-01-24 01:16:18 [INFO] [ClientIdentityService:attachSession] validating client
2026-01-24 01:16:18 [INFO] [ClientIdentityService:checkRegisteration] client found {"clientId":"6973f67552c9d67bbd51190b"}
2026-01-24 01:16:18 [INFO] [ClientIdentityService:attachSession] client validated {"clientId":"6973f67552c9d67bbd51190b"}
2026-01-24 01:16:24 [INFO] [ClientIdentityService:attachSession] validating client
2026-01-24 01:16:25 [INFO] [ClientIdentityService:checkRegisteration] client found {"clientId":"6973f67552c9d67bbd51190b"}
2026-01-24 01:16:25 [INFO] [ClientIdentityService:attachSession] client validated {"clientId":"6973f67552c9d67bbd51190b"}
2026-01-24 01:16:30 [INFO] [ClientIdentityService:attachSession] validating client
2026-01-24 01:16:30 [INFO] [ClientIdentityService:checkRegisteration] client found {"clientId":"6973f67552c9d67bbd51190b"}
2026-01-24 01:16:30 [INFO] [ClientIdentityService:attachSession] client validated {"clientId":"6973f67552c9d67bbd51190b"}
2026-01-24 01:16:59 [INFO] [ClientIdentityService:attachSession] validating client
2026-01-24 01:16:59 [INFO] [ClientIdentityService:checkRegisteration] client found {"clientId":"6973f67552c9d67bbd51190b"}
2026-01-24 01:16:59 [INFO] [ClientIdentityService:attachSession] client validated {"clientId":"6973f67552c9d67bbd51190b"}
2026-01-24 01:17:03 [INFO] [ClientIdentityService:attachSession] validating client
2026-01-24 01:17:04 [INFO] [ClientIdentityService:checkRegisteration] client found {"clientId":"6973f67552c9d67bbd51190b"}
2026-01-24 01:17:04 [INFO] [ClientIdentityService:attachSession] client validated {"clientId":"6973f67552c9d67bbd51190b"}
2026-01-24 01:17:59 [INFO] [ClientIdentityService:attachSession] validating client
2026-01-24 01:18:00 [INFO] [ClientIdentityService:checkRegisteration] client found {"clientId":"6973f67552c9d67bbd51190b"}
2026-01-24 01:18:00 [INFO] [ClientIdentityService:attachSession] client validated {"clientId":"6973f67552c9d67bbd51190b"}
2026-01-24 01:18:06 [INFO] [ClientIdentityService:attachSession] validating client
2026-01-24 01:18:06 [INFO] [ClientIdentityService:checkRegisteration] client found {"clientId":"6973f67552c9d67bbd51190b"}
2026-01-24 01:18:06 [INFO] [ClientIdentityService:attachSession] client validated {"clientId":"6973f67552c9d67bbd51190b"}
2026-01-24 01:20:00 [INFO] [ClientIdentityService:attachSession] validating client
2026-01-24 01:20:00 [INFO] [ClientIdentityService:checkRegisteration] client found {"clientId":"6973f67552c9d67bbd51190b"}
2026-01-24 01:20:00 [INFO] [ClientIdentityService:attachSession] client validated {"clientId":"6973f67552c9d67bbd51190b"}
2026-01-24 01:20:13 [INFO] [ClientIdentityService:attachSession] validating client
2026-01-24 01:20:13 [INFO] [ClientIdentityService:checkRegisteration] client found {"clientId":"6973f67552c9d67bbd51190b"}
2026-01-24 01:20:13 [INFO] [ClientIdentityService:attachSession] client validated {"clientId":"6973f67552c9d67bbd51190b"}
2026-01-24 01:20:21 [INFO] [ClientIdentityService:attachSession] validating client
2026-01-24 01:20:21 [INFO] [ClientIdentityService:checkRegisteration] client found {"clientId":"6973f67552c9d67bbd51190b"}
2026-01-24 01:20:21 [INFO] [ClientIdentityService:attachSession] client validated {"clientId":"6973f67552c9d67bbd51190b"}
2026-01-24 01:21:14 [INFO] [ClientIdentityService:attachSession] validating client
2026-01-24 01:21:14 [INFO] [ClientIdentityService:checkRegisteration] client found {"clientId":"6973f67552c9d67bbd51190b"}
2026-01-24 01:21:14 [INFO] [ClientIdentityService:attachSession] client validated {"clientId":"6973f67552c9d67bbd51190b"}
2026-01-24 01:21:25 [INFO] [ClientIdentityService:attachSession] validating client
2026-01-24 01:21:25 [INFO] [ClientIdentityService:checkRegisteration] client found {"clientId":"6973f67552c9d67bbd51190b"}
2026-01-24 01:21:25 [INFO] [ClientIdentityService:attachSession] client validated {"clientId":"6973f67552c9d67bbd51190b"}
2026-01-24 01:22:01 [INFO] [ClientIdentityService:attachSession] validating client
2026-01-24 01:22:01 [INFO] [ClientIdentityService:checkRegisteration] client found {"clientId":"6973f67552c9d67bbd51190b"}
2026-01-24 01:22:01 [INFO] [ClientIdentityService:attachSession] client validated {"clientId":"6973f67552c9d67bbd51190b"}
2026-01-24 01:22:20 [INFO] [ClientIdentityService:attachSession] validating client
2026-01-24 01:22:20 [INFO] [ClientIdentityService:checkRegisteration] client found {"clientId":"6973f67552c9d67bbd51190b"}
2026-01-24 01:22:20 [INFO] [ClientIdentityService:attachSession] client validated {"clientId":"6973f67552c9d67bbd51190b"}
2026-01-24 01:22:52 [INFO] [ClientIdentityService:attachSession] validating client
2026-01-24 01:22:52 [INFO] [ClientIdentityService:checkRegisteration] client found {"clientId":"6973f67552c9d67bbd51190b"}
2026-01-24 01:22:52 [INFO] [ClientIdentityService:attachSession] client validated {"clientId":"6973f67552c9d67bbd51190b"}
2026-01-24 01:22:58 [INFO] [ClientIdentityService:attachSession] validating client
2026-01-24 01:22:58 [INFO] [ClientIdentityService:checkRegisteration] client found {"clientId":"6973f67552c9d67bbd51190b"}
2026-01-24 01:22:58 [INFO] [ClientIdentityService:attachSession] client validated {"clientId":"6973f67552c9d67bbd51190b"}
2026-01-24 01:23:07 [INFO] [ClientIdentityService:attachSession] validating client
2026-01-24 01:23:07 [INFO] [ClientIdentityService:checkRegisteration] client found {"clientId":"6973f67552c9d67bbd51190b"}
2026-01-24 01:23:07 [INFO] [ClientIdentityService:attachSession] client validated {"clientId":"6973f67552c9d67bbd51190b"}
2026-01-24 01:23:11 [INFO] [ClientIdentityService:attachSession] validating client
2026-01-24 01:23:11 [INFO] [ClientIdentityService:checkRegisteration] client found {"clientId":"6973f67552c9d67bbd51190b"}
2026-01-24 01:23:11 [INFO] [ClientIdentityService:attachSession] client validated {"clientId":"6973f67552c9d67bbd51190b"}
2026-01-24 01:23:14 [INFO] [ClientIdentityService:attachSession] validating client
2026-01-24 01:23:14 [INFO] [ClientIdentityService:checkRegisteration] client found {"clientId":"6973f67552c9d67bbd51190b"}
2026-01-24 01:23:14 [INFO] [ClientIdentityService:attachSession] client validated {"clientId":"6973f67552c9d67bbd51190b"}
2026-01-24 01:23:46 [INFO] [ClientIdentityService:attachSession] validating client
2026-01-24 01:23:46 [INFO] [ClientIdentityService:checkRegisteration] client found {"clientId":"6973f67552c9d67bbd51190b"}
2026-01-24 01:23:46 [INFO] [ClientIdentityService:attachSession] client validated {"clientId":"6973f67552c9d67bbd51190b"}
2026-01-24 01:23:51 [INFO] [ClientIdentityService:attachSession] validating client
2026-01-24 01:23:51 [INFO] [ClientIdentityService:checkRegisteration] client found {"clientId":"6973f67552c9d67bbd51190b"}
2026-01-24 01:23:51 [INFO] [ClientIdentityService:attachSession] client validated {"clientId":"6973f67552c9d67bbd51190b"}
2026-01-24 01:23:53 [INFO] [ClientIdentityService:attachSession] validating client
2026-01-24 01:23:53 [INFO] [ClientIdentityService:checkRegisteration] client found {"clientId":"6973f67552c9d67bbd51190b"}
2026-01-24 01:23:53 [INFO] [ClientIdentityService:attachSession] client validated {"clientId":"6973f67552c9d67bbd51190b"}
2026-01-24 01:27:36 [INFO] [ClientIdentityService:attachSession] validating client
2026-01-24 01:27:36 [INFO] [ClientIdentityService:checkRegisteration] client found {"clientId":"6973f67552c9d67bbd51190b"}
2026-01-24 01:27:36 [INFO] [ClientIdentityService:attachSession] client validated {"clientId":"6973f67552c9d67bbd51190b"}
2026-01-24 01:27:55 [INFO] [ClientIdentityService:attachSession] validating client
2026-01-24 01:27:55 [INFO] [ClientIdentityService:checkRegisteration] client found {"clientId":"6973f67552c9d67bbd51190b"}
2026-01-24 01:27:55 [INFO] [ClientIdentityService:attachSession] client validated {"clientId":"6973f67552c9d67bbd51190b"}
2026-01-24 01:27:57 [INFO] [ClientIdentityService:attachSession] validating client
2026-01-24 01:27:57 [INFO] [ClientIdentityService:checkRegisteration] client found {"clientId":"6973f67552c9d67bbd51190b"}
2026-01-24 01:27:57 [INFO] [ClientIdentityService:attachSession] client validated {"clientId":"6973f67552c9d67bbd51190b"}
2026-01-24 01:28:07 [INFO] [ClientIdentityService:attachSession] validating client
2026-01-24 01:28:07 [INFO] [ClientIdentityService:checkRegisteration] client found {"clientId":"6973f67552c9d67bbd51190b"}
2026-01-24 01:28:08 [INFO] [ClientIdentityService:attachSession] client validated {"clientId":"6973f67552c9d67bbd51190b"}
2026-01-24 01:31:26 [INFO] [ClientIdentityService:attachSession] validating client
2026-01-24 01:31:26 [INFO] [ClientIdentityService:checkRegisteration] client found {"clientId":"6973f67552c9d67bbd51190b"}
2026-01-24 01:31:26 [INFO] [ClientIdentityService:attachSession] client validated {"clientId":"6973f67552c9d67bbd51190b"}
2026-01-24 01:31:45 [INFO] [ClientIdentityService:attachSession] validating client
2026-01-24 01:31:45 [INFO] [ClientIdentityService:checkRegisteration] client found {"clientId":"6973f67552c9d67bbd51190b"}
2026-01-24 01:31:45 [INFO] [ClientIdentityService:attachSession] client validated {"clientId":"6973f67552c9d67bbd51190b"}
2026-01-24 01:31:56 [INFO] [ClientIdentityService:attachSession] validating client
2026-01-24 01:31:56 [INFO] [ClientIdentityService:checkRegisteration] client found {"clientId":"6973f67552c9d67bbd51190b"}
2026-01-24 01:31:56 [INFO] [ClientIdentityService:attachSession] client validated {"clientId":"6973f67552c9d67bbd51190b"}
2026-01-24 01:32:55 [INFO] [ClientIdentityService:attachSession] validating client
2026-01-24 01:32:55 [INFO] [ClientIdentityService:checkRegisteration] client found {"clientId":"6973f67552c9d67bbd51190b"}
2026-01-24 01:32:55 [INFO] [ClientIdentityService:attachSession] client validated {"clientId":"6973f67552c9d67bbd51190b"}
2026-01-24 01:33:10 [INFO] [ClientIdentityService:attachSession] validating client
2026-01-24 01:33:10 [INFO] [ClientIdentityService:checkRegisteration] client found {"clientId":"6973f67552c9d67bbd51190b"}
2026-01-24 01:33:10 [INFO] [ClientIdentityService:attachSession] client validated {"clientId":"6973f67552c9d67bbd51190b"}
2026-01-24 01:33:44 [INFO] [ClientIdentityService:attachSession] validating client
2026-01-24 01:33:44 [INFO] [ClientIdentityService:checkRegisteration] client found {"clientId":"6973f67552c9d67bbd51190b"}
2026-01-24 01:33:44 [INFO] [ClientIdentityService:attachSession] client validated {"clientId":"6973f67552c9d67bbd51190b"}
2026-01-24 01:36:15 [INFO] [ClientIdentityService:attachSession] validating client
2026-01-24 01:36:16 [INFO] [ClientIdentityService:checkRegisteration] client found {"clientId":"6973f67552c9d67bbd51190b"}
2026-01-24 01:36:16 [INFO] [ClientIdentityService:attachSession] client validated {"clientId":"6973f67552c9d67bbd51190b"}
2026-01-24 01:36:34 [INFO] [ClientIdentityService:attachSession] validating client
2026-01-24 01:36:34 [INFO] [ClientIdentityService:checkRegisteration] client found {"clientId":"6973f67552c9d67bbd51190b"}
2026-01-24 01:36:34 [INFO] [ClientIdentityService:attachSession] client validated {"clientId":"6973f67552c9d67bbd51190b"}
2026-01-24 01:37:10 [INFO] [ClientIdentityService:attachSession] validating client
2026-01-24 01:37:10 [INFO] [ClientIdentityService:checkRegisteration] client found {"clientId":"6973f67552c9d67bbd51190b"}
2026-01-24 01:37:10 [INFO] [ClientIdentityService:attachSession] client validated {"clientId":"6973f67552c9d67bbd51190b"}
2026-01-24 01:40:27 [INFO] [ClientIdentityService:attachSession] validating client
2026-01-24 01:40:27 [INFO] [ClientIdentityService:checkRegisteration] client found {"clientId":"6973f67552c9d67bbd51190b"}
2026-01-24 01:40:27 [INFO] [ClientIdentityService:attachSession] client validated {"clientId":"6973f67552c9d67bbd51190b"}
2026-01-24 01:40:30 [INFO] [ClientIdentityService:attachSession] validating client
2026-01-24 01:40:30 [INFO] [ClientIdentityService:checkRegisteration] client found {"clientId":"6973f67552c9d67bbd51190b"}
2026-01-24 01:40:30 [INFO] [ClientIdentityService:attachSession] client validated {"clientId":"6973f67552c9d67bbd51190b"}
2026-01-24 01:42:01 [INFO] [ClientIdentityService:attachSession] validating client
2026-01-24 01:42:01 [INFO] [ClientIdentityService:checkRegisteration] client found {"clientId":"6973f67552c9d67bbd51190b"}
2026-01-24 01:42:01 [INFO] [ClientIdentityService:attachSession] client validated {"clientId":"6973f67552c9d67bbd51190b"}
2026-01-24 01:42:13 [INFO] [ClientIdentityService:attachSession] validating client
2026-01-24 01:42:13 [INFO] [ClientIdentityService:checkRegisteration] client found {"clientId":"6973f67552c9d67bbd51190b"}
2026-01-24 01:42:13 [INFO] [ClientIdentityService:attachSession] client validated {"clientId":"6973f67552c9d67bbd51190b"}
2026-01-24 01:48:25 [INFO] [ClientIdentityService:attachSession] validating client
2026-01-24 01:48:26 [INFO] [ClientIdentityService:checkRegisteration] client found {"clientId":"6973f67552c9d67bbd51190b"}
2026-01-24 01:48:26 [INFO] [ClientIdentityService:attachSession] client validated {"clientId":"6973f67552c9d67bbd51190b"}
2026-01-24 01:48:41 [INFO] [ClientIdentityService:attachSession] validating client
2026-01-24 01:48:42 [INFO] [ClientIdentityService:checkRegisteration] client found {"clientId":"6973f67552c9d67bbd51190b"}
2026-01-24 01:48:42 [INFO] [ClientIdentityService:attachSession] client validated {"clientId":"6973f67552c9d67bbd51190b"}
2026-01-24 01:48:57 [INFO] [ClientIdentityService:attachSession] validating client
2026-01-24 01:48:58 [INFO] [ClientIdentityService:checkRegisteration] client found {"clientId":"6973f67552c9d67bbd51190b"}
2026-01-24 01:48:58 [INFO] [ClientIdentityService:attachSession] client validated {"clientId":"6973f67552c9d67bbd51190b"}
2026-01-24 01:49:09 [INFO] [ClientIdentityService:attachSession] validating client
2026-01-24 01:49:10 [INFO] [ClientIdentityService:checkRegisteration] client found {"clientId":"6973f67552c9d67bbd51190b"}
2026-01-24 01:49:10 [INFO] [ClientIdentityService:attachSession] client validated {"clientId":"6973f67552c9d67bbd51190b"}
2026-01-24 02:06:38 [INFO] [ClientIdentityService:attachSession] validating client
2026-01-24 02:06:38 [INFO] [ClientIdentityService:checkRegisteration] client found {"clientId":"6973f67552c9d67bbd51190b"}
2026-01-24 02:06:38 [INFO] [ClientIdentityService:attachSession] client validated {"clientId":"6973f67552c9d67bbd51190b"}
2026-01-24 02:07:20 [INFO] [ClientIdentityService:attachSession] validating client
2026-01-24 02:07:20 [WARN] [ClientIdentityService:checkRegisteration] client not found {}
2026-01-24 02:07:20 [WARN] [ClientIdentityService:attachSession] client invalid or not found, creating new client
2026-01-24 02:07:20 [INFO] [ClientIdentityService:attachSession] client created {"clientId":"69741b483e972125205ab88a"}
2026-01-24 02:07:37 [INFO] [ClientIdentityService:attachSession] validating client
2026-01-24 02:07:37 [WARN] [ClientIdentityService:checkRegisteration] client not found {}
2026-01-24 02:07:37 [WARN] [ClientIdentityService:attachSession] client invalid or not found, creating new client
2026-01-24 02:07:37 [INFO] [ClientIdentityService:attachSession] client created {"clientId":"69741b593e972125205ab88d"}
2026-01-24 02:07:42 [INFO] [ClientIdentityService:attachSession] validating client
2026-01-24 02:07:42 [WARN] [ClientIdentityService:checkRegisteration] client not found {}
2026-01-24 02:07:42 [WARN] [ClientIdentityService:attachSession] client invalid or not found, creating new client
2026-01-24 02:07:42 [INFO] [ClientIdentityService:attachSession] client created {"clientId":"69741b5e3e972125205ab890"}
2026-01-24 02:07:49 [INFO] [ClientIdentityService:attachSession] validating client
2026-01-24 02:07:49 [WARN] [ClientIdentityService:checkRegisteration] client not found {}
2026-01-24 02:07:49 [WARN] [ClientIdentityService:attachSession] client invalid or not found, creating new client
2026-01-24 02:07:49 [INFO] [ClientIdentityService:attachSession] client created {"clientId":"69741b653e972125205ab893"}
2026-01-24 02:07:54 [INFO] [ClientIdentityService:attachSession] validating client
2026-01-24 02:07:54 [WARN] [ClientIdentityService:checkRegisteration] client not found {}
2026-01-24 02:07:54 [WARN] [ClientIdentityService:attachSession] client invalid or not found, creating new client
2026-01-24 02:07:54 [INFO] [ClientIdentityService:attachSession] client created {"clientId":"69741b6a3e972125205ab896"}
2026-01-24 02:07:56 [INFO] [ClientIdentityService:attachSession] validating client
2026-01-24 02:07:56 [WARN] [ClientIdentityService:checkRegisteration] client not found {}
2026-01-24 02:07:56 [WARN] [ClientIdentityService:attachSession] client invalid or not found, creating new client
2026-01-24 02:07:56 [INFO] [ClientIdentityService:attachSession] client created {"clientId":"69741b6c3e972125205ab899"}
2026-01-24 02:08:19 [INFO] [ClientIdentityService:attachSession] validating client
2026-01-24 02:08:19 [WARN] [ClientIdentityService:checkRegisteration] client not found {}
2026-01-24 02:08:19 [WARN] [ClientIdentityService:attachSession] client invalid or not found, creating new client
2026-01-24 02:08:19 [INFO] [ClientIdentityService:attachSession] client created {"clientId":"69741b833e972125205ab89c"}
2026-01-24 02:08:43 [INFO] [ClientIdentityService:attachSession] validating client
2026-01-24 02:08:43 [WARN] [ClientIdentityService:checkRegisteration] client not found {}
2026-01-24 02:08:43 [WARN] [ClientIdentityService:attachSession] client invalid or not found, creating new client
2026-01-24 02:08:43 [INFO] [ClientIdentityService:attachSession] client created {"clientId":"69741b9b3e972125205ab89f"}
2026-01-24 02:09:07 [INFO] [ClientIdentityService:attachSession] validating client
2026-01-24 02:09:07 [WARN] [ClientIdentityService:checkRegisteration] client not found {}
2026-01-24 02:09:07 [WARN] [ClientIdentityService:attachSession] client invalid or not found, creating new client
2026-01-24 02:09:07 [INFO] [ClientIdentityService:attachSession] client created {"clientId":"69741bb33e972125205ab8a2"}
2026-01-24 02:09:54 [INFO] [ClientIdentityService:attachSession] validating client
2026-01-24 02:09:54 [WARN] [ClientIdentityService:checkRegisteration] client not found {}
2026-01-24 02:09:54 [WARN] [ClientIdentityService:attachSession] client invalid or not found, creating new client
2026-01-24 02:09:54 [INFO] [ClientIdentityService:attachSession] client created {"clientId":"69741be23e972125205ab8a5"}
2026-01-24 02:11:54 [INFO] [ClientIdentityService:attachSession] validating client
2026-01-24 02:11:54 [WARN] [ClientIdentityService:checkRegisteration] client not found {}
2026-01-24 02:11:54 [WARN] [ClientIdentityService:attachSession] client invalid or not found, creating new client
2026-01-24 02:11:54 [INFO] [ClientIdentityService:attachSession] client created {"clientId":"69741c5a3e972125205ab8a8"}
2026-01-24 02:12:39 [INFO] [ClientIdentityService:attachSession] validating client
2026-01-24 02:12:39 [WARN] [ClientIdentityService:checkRegisteration] client not found {}
2026-01-24 02:12:39 [WARN] [ClientIdentityService:attachSession] client invalid or not found, creating new client
2026-01-24 02:12:39 [INFO] [ClientIdentityService:attachSession] client created {"clientId":"69741c873e972125205ab8ab"}
2026-01-24 02:13:04 [INFO] [ClientIdentityService:attachSession] validating client
2026-01-24 02:13:04 [WARN] [ClientIdentityService:checkRegisteration] client not found {}
2026-01-24 02:13:04 [WARN] [ClientIdentityService:attachSession] client invalid or not found, creating new client
2026-01-24 02:13:04 [INFO] [ClientIdentityService:attachSession] client created {"clientId":"69741ca03e972125205ab8ae"}
2026-01-24 02:13:29 [INFO] [ClientIdentityService:attachSession] validating client
2026-01-24 02:13:29 [WARN] [ClientIdentityService:checkRegisteration] client not found {}
2026-01-24 02:13:29 [WARN] [ClientIdentityService:attachSession] client invalid or not found, creating new client
2026-01-24 02:13:29 [INFO] [ClientIdentityService:attachSession] client created {"clientId":"69741cb93e972125205ab8b1"}
2026-01-24 02:13:43 [INFO] [ClientIdentityService:attachSession] validating client
2026-01-24 02:13:43 [WARN] [ClientIdentityService:checkRegisteration] client not found {}
2026-01-24 02:13:43 [WARN] [ClientIdentityService:attachSession] client invalid or not found, creating new client
2026-01-24 02:13:43 [INFO] [ClientIdentityService:attachSession] client created {"clientId":"69741cc73e972125205ab8b4"}
2026-01-24 02:13:54 [INFO] [ClientIdentityService:attachSession] validating client
2026-01-24 02:13:54 [WARN] [ClientIdentityService:checkRegisteration] client not found {}
2026-01-24 02:13:54 [WARN] [ClientIdentityService:attachSession] client invalid or not found, creating new client
2026-01-24 02:13:54 [INFO] [ClientIdentityService:attachSession] client created {"clientId":"69741cd23e972125205ab8b7"}
2026-01-24 02:13:55 [INFO] [ClientIdentityService:attachSession] validating client
2026-01-24 02:13:55 [WARN] [ClientIdentityService:checkRegisteration] client not found {}
2026-01-24 02:13:55 [WARN] [ClientIdentityService:attachSession] client invalid or not found, creating new client
2026-01-24 02:13:55 [INFO] [ClientIdentityService:attachSession] client created {"clientId":"69741cd33e972125205ab8ba"}
2026-01-24 02:14:07 [INFO] [ClientIdentityService:attachSession] validating client
2026-01-24 02:14:07 [WARN] [ClientIdentityService:checkRegisteration] client not found {}
2026-01-24 02:14:07 [WARN] [ClientIdentityService:attachSession] client invalid or not found, creating new client
2026-01-24 02:14:07 [INFO] [ClientIdentityService:attachSession] client created {"clientId":"69741cdf3e972125205ab8bd"}
2026-01-24 02:14:26 [INFO] [ClientIdentityService:attachSession] validating client
2026-01-24 02:14:26 [WARN] [ClientIdentityService:checkRegisteration] client not found {}
2026-01-24 02:14:26 [WARN] [ClientIdentityService:attachSession] client invalid or not found, creating new client
2026-01-24 02:14:27 [INFO] [ClientIdentityService:attachSession] client created {"clientId":"69741cf33e972125205ab8c0"}
2026-01-24 02:14:29 [INFO] [ClientIdentityService:attachSession] validating client
2026-01-24 02:14:29 [WARN] [ClientIdentityService:checkRegisteration] client not found {}
2026-01-24 02:14:29 [WARN] [ClientIdentityService:attachSession] client invalid or not found, creating new client
2026-01-24 02:14:29 [INFO] [ClientIdentityService:attachSession] client created {"clientId":"69741cf53e972125205ab8c3"}
2026-01-24 02:14:38 [INFO] [ClientIdentityService:attachSession] validating client
2026-01-24 02:14:38 [WARN] [ClientIdentityService:checkRegisteration] client not found {}
2026-01-24 02:14:38 [WARN] [ClientIdentityService:attachSession] client invalid or not found, creating new client
2026-01-24 02:14:38 [INFO] [ClientIdentityService:attachSession] client created {"clientId":"69741cfe3e972125205ab8c6"}
2026-01-24 02:14:48 [INFO] [ClientIdentityService:attachSession] validating client
2026-01-24 02:14:48 [WARN] [ClientIdentityService:checkRegisteration] client not found {}
2026-01-24 02:14:48 [WARN] [ClientIdentityService:attachSession] client invalid or not found, creating new client
2026-01-24 02:14:48 [INFO] [ClientIdentityService:attachSession] client created {"clientId":"69741d083e972125205ab8c9"}
2026-01-24 02:14:50 [INFO] [ClientIdentityService:attachSession] validating client
2026-01-24 02:14:50 [WARN] [ClientIdentityService:checkRegisteration] client not found {}
2026-01-24 02:14:50 [WARN] [ClientIdentityService:attachSession] client invalid or not found, creating new client
2026-01-24 02:14:50 [INFO] [ClientIdentityService:attachSession] client created {"clientId":"69741d0a3e972125205ab8cc"}
2026-01-24 02:15:11 [INFO] [ClientIdentityService:attachSession] validating client
2026-01-24 02:15:11 [WARN] [ClientIdentityService:checkRegisteration] client not found {}
2026-01-24 02:15:11 [WARN] [ClientIdentityService:attachSession] client invalid or not found, creating new client
2026-01-24 02:15:11 [INFO] [ClientIdentityService:attachSession] client created {"clientId":"69741d1f3e972125205ab8cf"}
2026-01-24 02:15:33 [INFO] [ClientIdentityService:attachSession] validating client
2026-01-24 02:15:33 [WARN] [ClientIdentityService:checkRegisteration] client not found {}
2026-01-24 02:15:33 [WARN] [ClientIdentityService:attachSession] client invalid or not found, creating new client
2026-01-24 02:15:33 [INFO] [ClientIdentityService:attachSession] client created {"clientId":"69741d353e972125205ab8d2"}
2026-01-24 02:15:57 [INFO] [ClientIdentityService:attachSession] validating client
2026-01-24 02:15:57 [WARN] [ClientIdentityService:checkRegisteration] client not found {}
2026-01-24 02:15:57 [WARN] [ClientIdentityService:attachSession] client invalid or not found, creating new client
2026-01-24 02:15:57 [INFO] [ClientIdentityService:attachSession] client created {"clientId":"69741d4d3e972125205ab8d5"}
2026-01-24 02:16:22 [INFO] [ClientIdentityService:attachSession] validating client
2026-01-24 02:16:22 [WARN] [ClientIdentityService:checkRegisteration] client not found {}
2026-01-24 02:16:22 [WARN] [ClientIdentityService:attachSession] client invalid or not found, creating new client
2026-01-24 02:16:22 [INFO] [ClientIdentityService:attachSession] client created {"clientId":"69741d663e972125205ab8d8"}
2026-01-24 02:16:47 [INFO] [ClientIdentityService:attachSession] validating client
2026-01-24 02:16:47 [WARN] [ClientIdentityService:checkRegisteration] client not found {}
2026-01-24 02:16:47 [WARN] [ClientIdentityService:attachSession] client invalid or not found, creating new client
2026-01-24 02:16:47 [INFO] [ClientIdentityService:attachSession] client created {"clientId":"69741d7f3e972125205ab8db"}
2026-01-24 02:17:12 [INFO] [ClientIdentityService:attachSession] validating client
2026-01-24 02:17:12 [WARN] [ClientIdentityService:checkRegisteration] client not found {}
2026-01-24 02:17:12 [WARN] [ClientIdentityService:attachSession] client invalid or not found, creating new client
2026-01-24 02:17:12 [INFO] [ClientIdentityService:attachSession] client created {"clientId":"69741d983e972125205ab8de"}
2026-01-24 02:17:37 [INFO] [ClientIdentityService:attachSession] validating client
2026-01-24 02:17:37 [WARN] [ClientIdentityService:checkRegisteration] client not found {}
2026-01-24 02:17:37 [WARN] [ClientIdentityService:attachSession] client invalid or not found, creating new client
2026-01-24 02:17:37 [INFO] [ClientIdentityService:attachSession] client created {"clientId":"69741db13e972125205ab8e1"}
2026-01-24 02:18:02 [INFO] [ClientIdentityService:attachSession] validating client
2026-01-24 02:18:02 [WARN] [ClientIdentityService:checkRegisteration] client not found {}
2026-01-24 02:18:02 [WARN] [ClientIdentityService:attachSession] client invalid or not found, creating new client
2026-01-24 02:18:02 [INFO] [ClientIdentityService:attachSession] client created {"clientId":"69741dca3e972125205ab8e4"}
2026-01-24 02:18:27 [INFO] [ClientIdentityService:attachSession] validating client
2026-01-24 02:18:27 [WARN] [ClientIdentityService:checkRegisteration] client not found {}
2026-01-24 02:18:27 [WARN] [ClientIdentityService:attachSession] client invalid or not found, creating new client
2026-01-24 02:18:27 [INFO] [ClientIdentityService:attachSession] client created {"clientId":"69741de33e972125205ab8e7"}
2026-01-24 02:18:40 [INFO] [ClientIdentityService:attachSession] validating client
2026-01-24 02:18:40 [WARN] [ClientIdentityService:checkRegisteration] client not found {}
2026-01-24 02:18:40 [WARN] [ClientIdentityService:attachSession] client invalid or not found, creating new client
2026-01-24 02:18:40 [INFO] [ClientIdentityService:attachSession] client created {"clientId":"69741df054910e7c1c9225b2"}
2026-01-24 02:18:50 [INFO] [ClientIdentityService:attachSession] validating client
2026-01-24 02:18:50 [WARN] [ClientIdentityService:checkRegisteration] client not found {}
2026-01-24 02:18:50 [WARN] [ClientIdentityService:attachSession] client invalid or not found, creating new client
2026-01-24 02:18:51 [INFO] [ClientIdentityService:attachSession] client created {"clientId":"69741dfb54910e7c1c9225b5"}
2026-01-24 02:19:11 [INFO] [ClientIdentityService:attachSession] validating client
2026-01-24 02:19:11 [WARN] [ClientIdentityService:checkRegisteration] client not found {}
2026-01-24 02:19:11 [WARN] [ClientIdentityService:attachSession] client invalid or not found, creating new client
2026-01-24 02:19:11 [INFO] [ClientIdentityService:attachSession] client created {"clientId":"69741e0f54910e7c1c9225b8"}
2026-01-24 02:19:33 [INFO] [ClientIdentityService:attachSession] validating client
2026-01-24 02:19:33 [WARN] [ClientIdentityService:checkRegisteration] client not found {}
2026-01-24 02:19:33 [WARN] [ClientIdentityService:attachSession] client invalid or not found, creating new client
2026-01-24 02:19:33 [INFO] [ClientIdentityService:attachSession] client created {"clientId":"69741e2554910e7c1c9225bb"}
2026-01-24 02:19:57 [INFO] [ClientIdentityService:attachSession] validating client
2026-01-24 02:19:57 [WARN] [ClientIdentityService:checkRegisteration] client not found {}
2026-01-24 02:19:57 [WARN] [ClientIdentityService:attachSession] client invalid or not found, creating new client
2026-01-24 02:19:57 [INFO] [ClientIdentityService:attachSession] client created {"clientId":"69741e3d54910e7c1c9225be"}
2026-01-24 02:20:22 [INFO] [ClientIdentityService:attachSession] validating client
2026-01-24 02:20:22 [WARN] [ClientIdentityService:checkRegisteration] client not found {}
2026-01-24 02:20:22 [WARN] [ClientIdentityService:attachSession] client invalid or not found, creating new client
2026-01-24 02:20:22 [INFO] [ClientIdentityService:attachSession] client created {"clientId":"69741e5654910e7c1c9225c1"}
2026-01-24 02:20:47 [INFO] [ClientIdentityService:attachSession] validating client
2026-01-24 02:20:47 [WARN] [ClientIdentityService:checkRegisteration] client not found {}
2026-01-24 02:20:47 [WARN] [ClientIdentityService:attachSession] client invalid or not found, creating new client
2026-01-24 02:20:47 [INFO] [ClientIdentityService:attachSession] client created {"clientId":"69741e6f54910e7c1c9225c4"}
2026-01-24 02:21:13 [INFO] [ClientIdentityService:attachSession] validating client
2026-01-24 02:21:13 [WARN] [ClientIdentityService:checkRegisteration] client not found {}
2026-01-24 02:21:13 [WARN] [ClientIdentityService:attachSession] client invalid or not found, creating new client
2026-01-24 02:21:13 [INFO] [ClientIdentityService:attachSession] client created {"clientId":"69741e8954910e7c1c9225c7"}
2026-01-24 02:21:39 [INFO] [ClientIdentityService:attachSession] validating client
2026-01-24 02:21:39 [WARN] [ClientIdentityService:checkRegisteration] client not found {}
2026-01-24 02:21:39 [WARN] [ClientIdentityService:attachSession] client invalid or not found, creating new client
2026-01-24 02:21:39 [INFO] [ClientIdentityService:attachSession] client created {"clientId":"69741ea354910e7c1c9225ca"}
2026-01-24 02:22:05 [INFO] [ClientIdentityService:attachSession] validating client
2026-01-24 02:22:05 [WARN] [ClientIdentityService:checkRegisteration] client not found {}
2026-01-24 02:22:05 [WARN] [ClientIdentityService:attachSession] client invalid or not found, creating new client
2026-01-24 02:22:05 [INFO] [ClientIdentityService:attachSession] client created {"clientId":"69741ebd54910e7c1c9225cd"}
2026-01-24 02:23:54 [INFO] [ClientIdentityService:attachSession] validating client
2026-01-24 02:23:54 [WARN] [ClientIdentityService:checkRegisteration] client not found {}
2026-01-24 02:23:54 [WARN] [ClientIdentityService:attachSession] client invalid or not found, creating new client
2026-01-24 02:23:54 [INFO] [ClientIdentityService:attachSession] client created {"clientId":"69741f2a54910e7c1c9225d0"}
2026-01-24 02:25:54 [INFO] [ClientIdentityService:attachSession] validating client
2026-01-24 02:25:54 [WARN] [ClientIdentityService:checkRegisteration] client not found {}
2026-01-24 02:25:54 [WARN] [ClientIdentityService:attachSession] client invalid or not found, creating new client
2026-01-24 02:25:54 [INFO] [ClientIdentityService:attachSession] client created {"clientId":"69741fa254910e7c1c9225d3"}
2026-01-24 02:26:51 [INFO] [ClientIdentityService:attachSession] validating client
2026-01-24 02:26:51 [WARN] [ClientIdentityService:checkRegisteration] client not found {}
2026-01-24 02:26:51 [WARN] [ClientIdentityService:attachSession] client invalid or not found, creating new client
2026-01-24 02:26:51 [INFO] [ClientIdentityService:attachSession] client created {"clientId":"69741fdb54910e7c1c9225d6"}
2026-01-24 02:27:16 [INFO] [ClientIdentityService:attachSession] validating client
2026-01-24 02:27:16 [WARN] [ClientIdentityService:checkRegisteration] client not found {}
2026-01-24 02:27:16 [WARN] [ClientIdentityService:attachSession] client invalid or not found, creating new client
2026-01-24 02:27:16 [INFO] [ClientIdentityService:attachSession] client created {"clientId":"69741ff454910e7c1c9225d9"}
2026-01-24 02:27:41 [INFO] [ClientIdentityService:attachSession] validating client
2026-01-24 02:27:41 [WARN] [ClientIdentityService:checkRegisteration] client not found {}
2026-01-24 02:27:41 [WARN] [ClientIdentityService:attachSession] client invalid or not found, creating new client
2026-01-24 02:27:41 [INFO] [ClientIdentityService:attachSession] client created {"clientId":"6974200d54910e7c1c9225dc"}
2026-01-24 02:28:06 [INFO] [ClientIdentityService:attachSession] validating client
2026-01-24 02:28:06 [WARN] [ClientIdentityService:checkRegisteration] client not found {}
2026-01-24 02:28:06 [WARN] [ClientIdentityService:attachSession] client invalid or not found, creating new client
2026-01-24 02:28:06 [INFO] [ClientIdentityService:attachSession] client created {"clientId":"6974202654910e7c1c9225df"}
2026-01-24 02:28:31 [INFO] [ClientIdentityService:attachSession] validating client
2026-01-24 02:28:31 [WARN] [ClientIdentityService:checkRegisteration] client not found {}
2026-01-24 02:28:31 [WARN] [ClientIdentityService:attachSession] client invalid or not found, creating new client
2026-01-24 02:28:31 [INFO] [ClientIdentityService:attachSession] client created {"clientId":"6974203f54910e7c1c9225e2"}
2026-01-24 02:28:56 [INFO] [ClientIdentityService:attachSession] validating client
2026-01-24 02:28:56 [WARN] [ClientIdentityService:checkRegisteration] client not found {}
2026-01-24 02:28:56 [WARN] [ClientIdentityService:attachSession] client invalid or not found, creating new client
2026-01-24 02:28:56 [INFO] [ClientIdentityService:attachSession] client created {"clientId":"6974205854910e7c1c9225e5"}
2026-01-24 02:29:21 [INFO] [ClientIdentityService:attachSession] validating client
2026-01-24 02:29:21 [WARN] [ClientIdentityService:checkRegisteration] client not found {}
2026-01-24 02:29:21 [WARN] [ClientIdentityService:attachSession] client invalid or not found, creating new client
2026-01-24 02:29:21 [INFO] [ClientIdentityService:attachSession] client created {"clientId":"6974207154910e7c1c9225e8"}
2026-01-24 02:29:46 [INFO] [ClientIdentityService:attachSession] validating client
2026-01-24 02:29:46 [WARN] [ClientIdentityService:checkRegisteration] client not found {}
2026-01-24 02:29:46 [WARN] [ClientIdentityService:attachSession] client invalid or not found, creating new client
2026-01-24 02:29:46 [INFO] [ClientIdentityService:attachSession] client created {"clientId":"6974208a54910e7c1c9225eb"}
2026-01-24 02:30:11 [INFO] [ClientIdentityService:attachSession] validating client
2026-01-24 02:30:11 [WARN] [ClientIdentityService:checkRegisteration] client not found {}
2026-01-24 02:30:11 [WARN] [ClientIdentityService:attachSession] client invalid or not found, creating new client
2026-01-24 02:30:11 [INFO] [ClientIdentityService:attachSession] client created {"clientId":"697420a354910e7c1c9225ee"}
2026-01-24 02:30:37 [INFO] [ClientIdentityService:attachSession] validating client
2026-01-24 02:30:37 [WARN] [ClientIdentityService:checkRegisteration] client not found {}
2026-01-24 02:30:37 [WARN] [ClientIdentityService:attachSession] client invalid or not found, creating new client
2026-01-24 02:30:37 [INFO] [ClientIdentityService:attachSession] client created {"clientId":"697420bd54910e7c1c9225f1"}
2026-01-24 02:31:03 [INFO] [ClientIdentityService:attachSession] validating client
2026-01-24 02:31:03 [WARN] [ClientIdentityService:checkRegisteration] client not found {}
2026-01-24 02:31:03 [WARN] [ClientIdentityService:attachSession] client invalid or not found, creating new client
2026-01-24 02:31:03 [INFO] [ClientIdentityService:attachSession] client created {"clientId":"697420d754910e7c1c9225f4"}
2026-01-24 02:32:54 [INFO] [ClientIdentityService:attachSession] validating client
2026-01-24 02:32:54 [WARN] [ClientIdentityService:checkRegisteration] client not found {}
2026-01-24 02:32:54 [WARN] [ClientIdentityService:attachSession] client invalid or not found, creating new client
2026-01-24 02:32:54 [INFO] [ClientIdentityService:attachSession] client created {"clientId":"6974214654910e7c1c9225f7"}
2026-01-24 02:34:54 [INFO] [ClientIdentityService:attachSession] validating client
2026-01-24 02:34:54 [WARN] [ClientIdentityService:checkRegisteration] client not found {}
2026-01-24 02:34:54 [WARN] [ClientIdentityService:attachSession] client invalid or not found, creating new client
2026-01-24 02:34:54 [INFO] [ClientIdentityService:attachSession] client created {"clientId":"697421be54910e7c1c9225fa"}
2026-01-24 02:36:54 [INFO] [ClientIdentityService:attachSession] validating client
2026-01-24 02:36:54 [WARN] [ClientIdentityService:checkRegisteration] client not found {}
2026-01-24 02:36:54 [WARN] [ClientIdentityService:attachSession] client invalid or not found, creating new client
2026-01-24 02:36:54 [INFO] [ClientIdentityService:attachSession] client created {"clientId":"6974223654910e7c1c9225fd"}
2026-01-24 02:38:54 [INFO] [ClientIdentityService:attachSession] validating client
2026-01-24 02:38:54 [WARN] [ClientIdentityService:checkRegisteration] client not found {}
2026-01-24 02:38:54 [WARN] [ClientIdentityService:attachSession] client invalid or not found, creating new client
2026-01-24 02:38:54 [INFO] [ClientIdentityService:attachSession] client created {"clientId":"697422ae54910e7c1c922600"}
2026-01-24 02:39:22 [INFO] [ClientIdentityService:attachSession] validating client
2026-01-24 02:39:22 [WARN] [ClientIdentityService:checkRegisteration] client not found {}
2026-01-24 02:39:22 [WARN] [ClientIdentityService:attachSession] client invalid or not found, creating new client
2026-01-24 02:39:22 [INFO] [ClientIdentityService:attachSession] client created {"clientId":"697422ca54910e7c1c922603"}
2026-01-24 02:39:47 [INFO] [ClientIdentityService:attachSession] validating client
2026-01-24 02:39:47 [WARN] [ClientIdentityService:checkRegisteration] client not found {}
2026-01-24 02:39:47 [WARN] [ClientIdentityService:attachSession] client invalid or not found, creating new client
2026-01-24 02:39:47 [INFO] [ClientIdentityService:attachSession] client created {"clientId":"697422e354910e7c1c922606"}
2026-01-24 02:40:12 [INFO] [ClientIdentityService:attachSession] validating client
2026-01-24 02:40:12 [WARN] [ClientIdentityService:checkRegisteration] client not found {}
2026-01-24 02:40:12 [WARN] [ClientIdentityService:attachSession] client invalid or not found, creating new client
2026-01-24 02:40:12 [INFO] [ClientIdentityService:attachSession] client created {"clientId":"697422fcc74a40460ffa7a2b"}
2026-01-24 02:40:37 [INFO] [ClientIdentityService:attachSession] validating client
2026-01-24 02:40:37 [WARN] [ClientIdentityService:checkRegisteration] client not found {}
2026-01-24 02:40:37 [WARN] [ClientIdentityService:attachSession] client invalid or not found, creating new client
2026-01-24 02:40:37 [INFO] [ClientIdentityService:attachSession] client created {"clientId":"69742315c74a40460ffa7a2e"}
2026-01-24 02:41:04 [INFO] [ClientIdentityService:attachSession] validating client
2026-01-24 02:41:04 [WARN] [ClientIdentityService:checkRegisteration] client not found {}
2026-01-24 02:41:04 [WARN] [ClientIdentityService:attachSession] client invalid or not found, creating new client
2026-01-24 02:41:04 [INFO] [ClientIdentityService:attachSession] client created {"clientId":"69742330c74a40460ffa7a31"}
2026-01-24 02:41:30 [INFO] [ClientIdentityService:attachSession] validating client
2026-01-24 02:41:30 [WARN] [ClientIdentityService:checkRegisteration] client not found {}
2026-01-24 02:41:30 [WARN] [ClientIdentityService:attachSession] client invalid or not found, creating new client
2026-01-24 02:41:30 [INFO] [ClientIdentityService:attachSession] client created {"clientId":"6974234ac74a40460ffa7a34"}
2026-01-24 02:42:54 [INFO] [ClientIdentityService:attachSession] validating client
2026-01-24 02:42:54 [WARN] [ClientIdentityService:checkRegisteration] client not found {}
2026-01-24 02:42:54 [WARN] [ClientIdentityService:attachSession] client invalid or not found, creating new client
2026-01-24 02:42:54 [INFO] [ClientIdentityService:attachSession] client created {"clientId":"6974239ec74a40460ffa7a37"}
2026-01-24 02:43:20 [INFO] [ClientIdentityService:attachSession] validating client
2026-01-24 02:43:20 [WARN] [ClientIdentityService:checkRegisteration] client not found {}
2026-01-24 02:43:20 [WARN] [ClientIdentityService:attachSession] client invalid or not found, creating new client
2026-01-24 02:43:20 [INFO] [ClientIdentityService:attachSession] client created {"clientId":"697423b8c74a40460ffa7a3a"}
2026-01-24 02:43:47 [INFO] [ClientIdentityService:attachSession] validating client
2026-01-24 02:43:47 [WARN] [ClientIdentityService:checkRegisteration] client not found {}
2026-01-24 02:43:47 [WARN] [ClientIdentityService:attachSession] client invalid or not found, creating new client
2026-01-24 02:43:47 [INFO] [ClientIdentityService:attachSession] client created {"clientId":"697423d3c74a40460ffa7a3d"}
2026-01-24 02:44:53 [INFO] [ClientIdentityService:attachSession] validating client
2026-01-24 02:44:53 [WARN] [ClientIdentityService:checkRegisteration] client not found {}
2026-01-24 02:44:53 [WARN] [ClientIdentityService:attachSession] client invalid or not found, creating new client
2026-01-24 02:44:53 [INFO] [ClientIdentityService:attachSession] client created {"clientId":"69742415c74a40460ffa7a40"}
2026-01-24 02:45:20 [INFO] [ClientIdentityService:attachSession] validating client
2026-01-24 02:45:20 [WARN] [ClientIdentityService:checkRegisteration] client not found {}
2026-01-24 02:45:20 [WARN] [ClientIdentityService:attachSession] client invalid or not found, creating new client
2026-01-24 02:45:20 [INFO] [ClientIdentityService:attachSession] client created {"clientId":"69742430c74a40460ffa7a43"}
2026-01-24 02:45:47 [INFO] [ClientIdentityService:attachSession] validating client
2026-01-24 02:45:47 [WARN] [ClientIdentityService:checkRegisteration] client not found {}
2026-01-24 02:45:47 [WARN] [ClientIdentityService:attachSession] client invalid or not found, creating new client
2026-01-24 02:45:47 [INFO] [ClientIdentityService:attachSession] client created {"clientId":"6974244bc74a40460ffa7a46"}
2026-01-24 02:46:54 [INFO] [ClientIdentityService:attachSession] validating client
2026-01-24 02:46:54 [WARN] [ClientIdentityService:checkRegisteration] client not found {}
2026-01-24 02:46:54 [WARN] [ClientIdentityService:attachSession] client invalid or not found, creating new client
2026-01-24 02:46:54 [INFO] [ClientIdentityService:attachSession] client created {"clientId":"6974248ec74a40460ffa7a49"}
2026-01-24 02:48:54 [INFO] [ClientIdentityService:attachSession] validating client
2026-01-24 02:48:54 [WARN] [ClientIdentityService:checkRegisteration] client not found {}
2026-01-24 02:48:54 [WARN] [ClientIdentityService:attachSession] client invalid or not found, creating new client
2026-01-24 02:48:54 [INFO] [ClientIdentityService:attachSession] client created {"clientId":"69742506c74a40460ffa7a4c"}
2026-01-24 02:50:54 [INFO] [ClientIdentityService:attachSession] validating client
2026-01-24 02:50:54 [WARN] [ClientIdentityService:checkRegisteration] client not found {}
2026-01-24 02:50:54 [WARN] [ClientIdentityService:attachSession] client invalid or not found, creating new client
2026-01-24 02:50:54 [INFO] [ClientIdentityService:attachSession] client created {"clientId":"6974257ec74a40460ffa7a4f"}
2026-01-24 02:52:54 [INFO] [ClientIdentityService:attachSession] validating client
2026-01-24 02:52:54 [WARN] [ClientIdentityService:checkRegisteration] client not found {}
2026-01-24 02:52:54 [WARN] [ClientIdentityService:attachSession] client invalid or not found, creating new client
2026-01-24 02:52:54 [INFO] [ClientIdentityService:attachSession] client created {"clientId":"697425f6c74a40460ffa7a52"}
2026-01-24 02:54:54 [INFO] [ClientIdentityService:attachSession] validating client
2026-01-24 02:54:54 [WARN] [ClientIdentityService:checkRegisteration] client not found {}
2026-01-24 02:54:54 [WARN] [ClientIdentityService:attachSession] client invalid or not found, creating new client
2026-01-24 02:54:54 [INFO] [ClientIdentityService:attachSession] client created {"clientId":"6974266ec74a40460ffa7a55"}
2026-01-24 02:56:54 [INFO] [ClientIdentityService:attachSession] validating client
2026-01-24 02:56:54 [WARN] [ClientIdentityService:checkRegisteration] client not found {}
2026-01-24 02:56:54 [WARN] [ClientIdentityService:attachSession] client invalid or not found, creating new client
2026-01-24 02:56:54 [INFO] [ClientIdentityService:attachSession] client created {"clientId":"697426e6c74a40460ffa7a58"}
2026-01-24 02:58:54 [INFO] [ClientIdentityService:attachSession] validating client
2026-01-24 02:58:54 [WARN] [ClientIdentityService:checkRegisteration] client not found {}
2026-01-24 02:58:54 [WARN] [ClientIdentityService:attachSession] client invalid or not found, creating new client
2026-01-24 02:58:54 [INFO] [ClientIdentityService:attachSession] client created {"clientId":"6974275ec74a40460ffa7a5b"}
2026-01-24 03:00:54 [INFO] [ClientIdentityService:attachSession] validating client
2026-01-24 03:00:54 [WARN] [ClientIdentityService:checkRegisteration] client not found {}
2026-01-24 03:00:54 [WARN] [ClientIdentityService:attachSession] client invalid or not found, creating new client
2026-01-24 03:00:54 [INFO] [ClientIdentityService:attachSession] client created {"clientId":"697427d6c74a40460ffa7a5e"}
2026-01-24 03:02:54 [INFO] [ClientIdentityService:attachSession] validating client
2026-01-24 03:02:54 [WARN] [ClientIdentityService:checkRegisteration] client not found {}
2026-01-24 03:02:54 [WARN] [ClientIdentityService:attachSession] client invalid or not found, creating new client
2026-01-24 03:02:54 [INFO] [ClientIdentityService:attachSession] client created {"clientId":"6974284ec74a40460ffa7a61"}
2026-01-24 03:04:54 [INFO] [ClientIdentityService:attachSession] validating client
2026-01-24 03:04:54 [WARN] [ClientIdentityService:checkRegisteration] client not found {}
2026-01-24 03:04:54 [WARN] [ClientIdentityService:attachSession] client invalid or not found, creating new client
2026-01-24 03:04:54 [INFO] [ClientIdentityService:attachSession] client created {"clientId":"697428c6c74a40460ffa7a64"}
2026-01-24 03:06:54 [INFO] [ClientIdentityService:attachSession] validating client
2026-01-24 03:06:54 [WARN] [ClientIdentityService:checkRegisteration] client not found {}
2026-01-24 03:06:54 [WARN] [ClientIdentityService:attachSession] client invalid or not found, creating new client
2026-01-24 03:06:54 [INFO] [ClientIdentityService:attachSession] client created {"clientId":"6974293ec74a40460ffa7a67"}
2026-01-24 03:08:54 [INFO] [ClientIdentityService:attachSession] validating client
2026-01-24 03:08:54 [WARN] [ClientIdentityService:checkRegisteration] client not found {}
2026-01-24 03:08:54 [WARN] [ClientIdentityService:attachSession] client invalid or not found, creating new client
2026-01-24 03:08:54 [INFO] [ClientIdentityService:attachSession] client created {"clientId":"697429b6c74a40460ffa7a6a"}
2026-01-24 03:10:54 [INFO] [ClientIdentityService:attachSession] validating client
2026-01-24 03:10:54 [WARN] [ClientIdentityService:checkRegisteration] client not found {}
2026-01-24 03:10:54 [WARN] [ClientIdentityService:attachSession] client invalid or not found, creating new client
2026-01-24 03:10:54 [INFO] [ClientIdentityService:attachSession] client created {"clientId":"69742a2ec74a40460ffa7a6d"}
2026-01-24 03:12:54 [INFO] [ClientIdentityService:attachSession] validating client
2026-01-24 03:12:54 [WARN] [ClientIdentityService:checkRegisteration] client not found {}
2026-01-24 03:12:54 [WARN] [ClientIdentityService:attachSession] client invalid or not found, creating new client
2026-01-24 03:12:54 [INFO] [ClientIdentityService:attachSession] client created {"clientId":"69742aa6c74a40460ffa7a70"}
2026-01-24 03:14:54 [INFO] [ClientIdentityService:attachSession] validating client
2026-01-24 03:14:54 [WARN] [ClientIdentityService:checkRegisteration] client not found {}
2026-01-24 03:14:54 [WARN] [ClientIdentityService:attachSession] client invalid or not found, creating new client
2026-01-24 03:14:54 [INFO] [ClientIdentityService:attachSession] client created {"clientId":"69742b1ec74a40460ffa7a73"}
2026-01-24 03:15:46 [INFO] [ClientIdentityService:attachSession] validating client
2026-01-24 03:15:46 [WARN] [ClientIdentityService:checkRegisteration] client not found {}
2026-01-24 03:15:46 [WARN] [ClientIdentityService:attachSession] client invalid or not found, creating new client
2026-01-24 03:15:46 [INFO] [ClientIdentityService:attachSession] client created {"clientId":"69742b52c74a40460ffa7a76"}
2026-01-24 03:16:12 [INFO] [ClientIdentityService:attachSession] validating client
2026-01-24 03:16:12 [WARN] [ClientIdentityService:checkRegisteration] client not found {}
2026-01-24 03:16:12 [WARN] [ClientIdentityService:attachSession] client invalid or not found, creating new client
2026-01-24 03:16:12 [INFO] [ClientIdentityService:attachSession] client created {"clientId":"69742b6cc74a40460ffa7a79"}
2026-01-24 03:16:39 [INFO] [ClientIdentityService:attachSession] validating client
2026-01-24 03:16:39 [WARN] [ClientIdentityService:checkRegisteration] client not found {}
2026-01-24 03:16:39 [WARN] [ClientIdentityService:attachSession] client invalid or not found, creating new client
2026-01-24 03:16:39 [INFO] [ClientIdentityService:attachSession] client created {"clientId":"69742b87c74a40460ffa7a7c"}
2026-01-24 03:17:45 [INFO] [ClientIdentityService:attachSession] validating client
2026-01-24 03:17:45 [WARN] [ClientIdentityService:checkRegisteration] client not found {}
2026-01-24 03:17:45 [WARN] [ClientIdentityService:attachSession] client invalid or not found, creating new client
2026-01-24 03:17:45 [INFO] [ClientIdentityService:attachSession] client created {"clientId":"69742bc9c74a40460ffa7a7f"}
2026-01-24 03:18:05 [INFO] [ClientIdentityService:attachSession] validating client
2026-01-24 03:18:05 [WARN] [ClientIdentityService:checkRegisteration] client not found {}
2026-01-24 03:18:05 [WARN] [ClientIdentityService:attachSession] client invalid or not found, creating new client
2026-01-24 03:18:05 [INFO] [ClientIdentityService:attachSession] client created {"clientId":"69742bdd1f1b7ebd577d742f"}
2026-01-24 03:18:25 [INFO] [ClientIdentityService:attachSession] validating client
2026-01-24 03:18:25 [WARN] [ClientIdentityService:checkRegisteration] client not found {}
2026-01-24 03:18:25 [WARN] [ClientIdentityService:attachSession] client invalid or not found, creating new client
2026-01-24 03:18:25 [INFO] [ClientIdentityService:attachSession] client created {"clientId":"69742bf11f1b7ebd577d7432"}
2026-01-24 03:18:48 [INFO] [ClientIdentityService:attachSession] validating client
2026-01-24 03:18:48 [WARN] [ClientIdentityService:checkRegisteration] client not found {}
2026-01-24 03:18:48 [WARN] [ClientIdentityService:attachSession] client invalid or not found, creating new client
2026-01-24 03:18:48 [INFO] [ClientIdentityService:attachSession] client created {"clientId":"69742c08bf50fdcd82de590d"}
2026-01-24 03:19:13 [INFO] [ClientIdentityService:attachSession] validating client
2026-01-24 03:19:13 [WARN] [ClientIdentityService:checkRegisteration] client not found {}
2026-01-24 03:19:13 [WARN] [ClientIdentityService:attachSession] client invalid or not found, creating new client
2026-01-24 03:19:13 [INFO] [ClientIdentityService:attachSession] client created {"clientId":"69742c21bf50fdcd82de5910"}
2026-01-24 03:19:37 [INFO] [ClientIdentityService:attachSession] validating client
2026-01-24 03:19:37 [WARN] [ClientIdentityService:checkRegisteration] client not found {}
2026-01-24 03:19:37 [WARN] [ClientIdentityService:attachSession] client invalid or not found, creating new client
2026-01-24 03:19:37 [INFO] [ClientIdentityService:attachSession] client created {"clientId":"69742c39bf50fdcd82de5913"}
2026-01-24 03:20:02 [INFO] [ClientIdentityService:attachSession] validating client
2026-01-24 03:20:02 [WARN] [ClientIdentityService:checkRegisteration] client not found {}
2026-01-24 03:20:02 [WARN] [ClientIdentityService:attachSession] client invalid or not found, creating new client
2026-01-24 03:20:02 [INFO] [ClientIdentityService:attachSession] client created {"clientId":"69742c52bf50fdcd82de5916"}
2026-01-24 03:20:27 [INFO] [ClientIdentityService:attachSession] validating client
2026-01-24 03:20:27 [WARN] [ClientIdentityService:checkRegisteration] client not found {}
2026-01-24 03:20:27 [WARN] [ClientIdentityService:attachSession] client invalid or not found, creating new client
2026-01-24 03:20:27 [INFO] [ClientIdentityService:attachSession] client created {"clientId":"69742c6bbf50fdcd82de5919"}
2026-01-24 03:20:52 [INFO] [ClientIdentityService:attachSession] validating client
2026-01-24 03:20:52 [WARN] [ClientIdentityService:checkRegisteration] client not found {}
2026-01-24 03:20:52 [WARN] [ClientIdentityService:attachSession] client invalid or not found, creating new client
2026-01-24 03:20:52 [INFO] [ClientIdentityService:attachSession] client created {"clientId":"69742c84bf50fdcd82de591c"}
2026-01-24 03:21:17 [INFO] [ClientIdentityService:attachSession] validating client
2026-01-24 03:21:17 [WARN] [ClientIdentityService:checkRegisteration] client not found {}
2026-01-24 03:21:17 [WARN] [ClientIdentityService:attachSession] client invalid or not found, creating new client
2026-01-24 03:21:17 [INFO] [ClientIdentityService:attachSession] client created {"clientId":"69742c9def667e8499effd03"}
2026-01-24 03:21:37 [INFO] [ClientIdentityService:attachSession] validating client
2026-01-24 03:21:37 [WARN] [ClientIdentityService:checkRegisteration] client not found {}
2026-01-24 03:21:37 [WARN] [ClientIdentityService:attachSession] client invalid or not found, creating new client
2026-01-24 03:21:37 [INFO] [ClientIdentityService:attachSession] client created {"clientId":"69742cb18076d357c1c1fb3a"}
2026-01-24 03:21:58 [INFO] [ClientIdentityService:attachSession] validating client
2026-01-24 03:21:58 [WARN] [ClientIdentityService:checkRegisteration] client not found {}
2026-01-24 03:21:58 [WARN] [ClientIdentityService:attachSession] client invalid or not found, creating new client
2026-01-24 03:21:58 [INFO] [ClientIdentityService:attachSession] client created {"clientId":"69742cc68076d357c1c1fb3d"}
2026-01-24 03:22:20 [INFO] [ClientIdentityService:attachSession] validating client
2026-01-24 03:22:20 [WARN] [ClientIdentityService:checkRegisteration] client not found {}
2026-01-24 03:22:20 [WARN] [ClientIdentityService:attachSession] client invalid or not found, creating new client
2026-01-24 03:22:20 [INFO] [ClientIdentityService:attachSession] client created {"clientId":"69742cdc8076d357c1c1fb40"}
2026-01-24 03:22:27 [INFO] [ClientIdentityService:attachSession] validating client
2026-01-24 03:22:27 [WARN] [ClientIdentityService:checkRegisteration] client not found {}
2026-01-24 03:22:27 [WARN] [ClientIdentityService:attachSession] client invalid or not found, creating new client
2026-01-24 03:22:27 [INFO] [ClientIdentityService:attachSession] client created {"clientId":"69742ce38076d357c1c1fb43"}
2026-01-24 03:22:43 [INFO] [ClientIdentityService:attachSession] validating client
2026-01-24 03:22:43 [WARN] [ClientIdentityService:checkRegisteration] client not found {}
2026-01-24 03:22:43 [WARN] [ClientIdentityService:attachSession] client invalid or not found, creating new client
2026-01-24 03:22:43 [INFO] [ClientIdentityService:attachSession] client created {"clientId":"69742cf3550e724aa0005d95"}
2026-01-24 03:23:04 [INFO] [ClientIdentityService:attachSession] validating client
2026-01-24 03:23:04 [WARN] [ClientIdentityService:checkRegisteration] client not found {}
2026-01-24 03:23:04 [WARN] [ClientIdentityService:attachSession] client invalid or not found, creating new client
2026-01-24 03:23:04 [INFO] [ClientIdentityService:attachSession] client created {"clientId":"69742d08550e724aa0005d98"}
2026-01-24 03:23:27 [INFO] [ClientIdentityService:attachSession] validating client
2026-01-24 03:23:27 [WARN] [ClientIdentityService:checkRegisteration] client not found {}
2026-01-24 03:23:27 [WARN] [ClientIdentityService:attachSession] client invalid or not found, creating new client
2026-01-24 03:23:27 [INFO] [ClientIdentityService:attachSession] client created {"clientId":"69742d1f550e724aa0005d9b"}
2026-01-24 03:23:49 [INFO] [ClientIdentityService:attachSession] validating client
2026-01-24 03:23:49 [WARN] [ClientIdentityService:checkRegisteration] client not found {}
2026-01-24 03:23:49 [WARN] [ClientIdentityService:attachSession] client invalid or not found, creating new client
2026-01-24 03:23:49 [INFO] [ClientIdentityService:attachSession] client created {"clientId":"69742d3538d81cc9380ba18e"}
2026-01-24 03:23:57 [INFO] [ClientIdentityService:attachSession] validating client
2026-01-24 03:23:57 [WARN] [ClientIdentityService:checkRegisteration] client not found {}
2026-01-24 03:23:57 [WARN] [ClientIdentityService:attachSession] client invalid or not found, creating new client
2026-01-24 03:23:57 [INFO] [ClientIdentityService:attachSession] client created {"clientId":"69742d3dfe8c937ed34da600"}
2026-01-24 03:24:19 [INFO] [ClientIdentityService:attachSession] validating client
2026-01-24 03:24:19 [WARN] [ClientIdentityService:checkRegisteration] client not found {}
2026-01-24 03:24:19 [WARN] [ClientIdentityService:attachSession] client invalid or not found, creating new client
2026-01-24 03:24:19 [INFO] [ClientIdentityService:attachSession] client created {"clientId":"69742d53fe8c937ed34da603"}
2026-01-24 03:24:41 [INFO] [ClientIdentityService:attachSession] validating client
2026-01-24 03:24:41 [WARN] [ClientIdentityService:checkRegisteration] client not found {}
2026-01-24 03:24:41 [WARN] [ClientIdentityService:attachSession] client invalid or not found, creating new client
2026-01-24 03:24:41 [INFO] [ClientIdentityService:attachSession] client created {"clientId":"69742d69aca6317091073a6b"}
2026-01-24 03:25:05 [INFO] [ClientIdentityService:attachSession] validating client
2026-01-24 03:25:05 [WARN] [ClientIdentityService:checkRegisteration] client not found {}
2026-01-24 03:25:05 [WARN] [ClientIdentityService:attachSession] client invalid or not found, creating new client
2026-01-24 03:25:05 [INFO] [ClientIdentityService:attachSession] client created {"clientId":"69742d81aca6317091073a6e"}
2026-01-24 03:25:30 [INFO] [ClientIdentityService:attachSession] validating client
2026-01-24 03:25:30 [WARN] [ClientIdentityService:checkRegisteration] client not found {}
2026-01-24 03:25:30 [WARN] [ClientIdentityService:attachSession] client invalid or not found, creating new client
2026-01-24 03:25:30 [INFO] [ClientIdentityService:attachSession] client created {"clientId":"69742d9aaca6317091073a71"}
2026-01-24 03:25:55 [INFO] [ClientIdentityService:attachSession] validating client
2026-01-24 03:25:55 [WARN] [ClientIdentityService:checkRegisteration] client not found {}
2026-01-24 03:25:55 [WARN] [ClientIdentityService:attachSession] client invalid or not found, creating new client
2026-01-24 03:25:55 [INFO] [ClientIdentityService:attachSession] client created {"clientId":"69742db3aca6317091073a74"}
2026-01-24 03:26:20 [INFO] [ClientIdentityService:attachSession] validating client
2026-01-24 03:26:20 [WARN] [ClientIdentityService:checkRegisteration] client not found {}
2026-01-24 03:26:20 [WARN] [ClientIdentityService:attachSession] client invalid or not found, creating new client
2026-01-24 03:26:20 [INFO] [ClientIdentityService:attachSession] client created {"clientId":"69742dccaca6317091073a77"}
2026-01-24 03:26:45 [INFO] [ClientIdentityService:attachSession] validating client
2026-01-24 03:26:45 [WARN] [ClientIdentityService:checkRegisteration] client not found {}
2026-01-24 03:26:45 [WARN] [ClientIdentityService:attachSession] client invalid or not found, creating new client
2026-01-24 03:26:45 [INFO] [ClientIdentityService:attachSession] client created {"clientId":"69742de5aca6317091073a7a"}
2026-01-24 03:27:10 [INFO] [ClientIdentityService:attachSession] validating client
2026-01-24 03:27:10 [WARN] [ClientIdentityService:checkRegisteration] client not found {}
2026-01-24 03:27:10 [WARN] [ClientIdentityService:attachSession] client invalid or not found, creating new client
2026-01-24 03:27:10 [INFO] [ClientIdentityService:attachSession] client created {"clientId":"69742dfeaca6317091073a7d"}
2026-01-24 03:27:35 [INFO] [ClientIdentityService:attachSession] validating client
2026-01-24 03:27:35 [WARN] [ClientIdentityService:checkRegisteration] client not found {}
2026-01-24 03:27:35 [WARN] [ClientIdentityService:attachSession] client invalid or not found, creating new client
2026-01-24 03:27:35 [INFO] [ClientIdentityService:attachSession] client created {"clientId":"69742e17aca6317091073a80"}
2026-01-24 03:28:02 [INFO] [ClientIdentityService:attachSession] validating client
2026-01-24 03:28:02 [WARN] [ClientIdentityService:checkRegisteration] client not found {}
2026-01-24 03:28:02 [WARN] [ClientIdentityService:attachSession] client invalid or not found, creating new client
2026-01-24 03:28:02 [INFO] [ClientIdentityService:attachSession] client created {"clientId":"69742e32aca6317091073a83"}
2026-01-24 03:28:29 [INFO] [ClientIdentityService:attachSession] validating client
2026-01-24 03:28:29 [WARN] [ClientIdentityService:checkRegisteration] client not found {}
2026-01-24 03:28:29 [WARN] [ClientIdentityService:attachSession] client invalid or not found, creating new client
2026-01-24 03:28:29 [INFO] [ClientIdentityService:attachSession] client created {"clientId":"69742e4daca6317091073a86"}
2026-01-24 03:29:54 [INFO] [ClientIdentityService:attachSession] validating client
2026-01-24 03:29:54 [WARN] [ClientIdentityService:checkRegisteration] client not found {}
2026-01-24 03:29:54 [WARN] [ClientIdentityService:attachSession] client invalid or not found, creating new client
2026-01-24 03:29:54 [INFO] [ClientIdentityService:attachSession] client created {"clientId":"69742ea2aca6317091073a89"}
2026-01-24 03:31:54 [INFO] [ClientIdentityService:attachSession] validating client
2026-01-24 03:31:54 [WARN] [ClientIdentityService:checkRegisteration] client not found {}
2026-01-24 03:31:54 [WARN] [ClientIdentityService:attachSession] client invalid or not found, creating new client
2026-01-24 03:31:54 [INFO] [ClientIdentityService:attachSession] client created {"clientId":"69742f1a06f8c1dc97a27c71"}
2026-01-24 03:32:48 [INFO] [ClientIdentityService:attachSession] validating client
2026-01-24 03:32:48 [WARN] [ClientIdentityService:checkRegisteration] client not found {}
2026-01-24 03:32:48 [WARN] [ClientIdentityService:attachSession] client invalid or not found, creating new client
2026-01-24 03:32:48 [INFO] [ClientIdentityService:attachSession] client created {"clientId":"69742f5006f8c1dc97a27c74"}
2026-01-24 03:33:15 [INFO] [ClientIdentityService:attachSession] validating client
2026-01-24 03:33:15 [WARN] [ClientIdentityService:checkRegisteration] client not found {}
2026-01-24 03:33:15 [WARN] [ClientIdentityService:attachSession] client invalid or not found, creating new client
2026-01-24 03:33:15 [INFO] [ClientIdentityService:attachSession] client created {"clientId":"69742f6b5242e37ececaf638"}
2026-01-24 03:38:05 [INFO] [ClientIdentityService:attachSession] validating client
2026-01-24 03:38:05 [WARN] [ClientIdentityService:checkRegisteration] client not found {}
2026-01-24 03:38:05 [WARN] [ClientIdentityService:attachSession] client invalid or not found, creating new client
2026-01-24 03:38:05 [INFO] [ClientIdentityService:attachSession] client created {"clientId":"6974308d1111b7d0452cd066"}
2026-01-24 03:38:10 [INFO] [ClientIdentityService:attachSession] validating client
2026-01-24 03:38:10 [WARN] [ClientIdentityService:checkRegisteration] client not found {}
2026-01-24 03:38:10 [WARN] [ClientIdentityService:attachSession] client invalid or not found, creating new client
2026-01-24 03:38:10 [INFO] [ClientIdentityService:attachSession] client created {"clientId":"697430921111b7d0452cd069"}
2026-01-24 03:38:31 [INFO] [ClientIdentityService:attachSession] validating client
2026-01-24 03:38:31 [WARN] [ClientIdentityService:checkRegisteration] client not found {}
2026-01-24 03:38:31 [WARN] [ClientIdentityService:attachSession] client invalid or not found, creating new client
2026-01-24 03:38:31 [INFO] [ClientIdentityService:attachSession] client created {"clientId":"697430a71111b7d0452cd06c"}
2026-01-24 03:38:53 [INFO] [ClientIdentityService:attachSession] validating client
2026-01-24 03:38:53 [WARN] [ClientIdentityService:checkRegisteration] client not found {}
2026-01-24 03:38:53 [WARN] [ClientIdentityService:attachSession] client invalid or not found, creating new client
2026-01-24 03:38:53 [INFO] [ClientIdentityService:attachSession] client created {"clientId":"697430bd1111b7d0452cd06f"}
2026-01-24 03:39:18 [INFO] [ClientIdentityService:attachSession] validating client
2026-01-24 03:39:18 [WARN] [ClientIdentityService:checkRegisteration] client not found {}
2026-01-24 03:39:18 [WARN] [ClientIdentityService:attachSession] client invalid or not found, creating new client
2026-01-24 03:39:18 [INFO] [ClientIdentityService:attachSession] client created {"clientId":"697430d61111b7d0452cd072"}
2026-01-24 03:49:56 [INFO] [ClientIdentityService:attachSession] validating client
2026-01-24 03:49:56 [WARN] [ClientIdentityService:checkRegisteration] client not found {}
2026-01-24 03:49:56 [WARN] [ClientIdentityService:attachSession] client invalid or not found, creating new client
2026-01-24 03:49:57 [INFO] [ClientIdentityService:attachSession] client created {"clientId":"6974335480729b11b79d549a"}
2026-01-24 03:50:18 [INFO] [ClientIdentityService:attachSession] validating client
2026-01-24 03:50:18 [WARN] [ClientIdentityService:checkRegisteration] client not found {}
2026-01-24 03:50:18 [WARN] [ClientIdentityService:attachSession] client invalid or not found, creating new client
2026-01-24 03:50:18 [INFO] [ClientIdentityService:attachSession] client created {"clientId":"6974336a80729b11b79d549d"}
2026-01-24 03:50:23 [INFO] [ClientIdentityService:attachSession] validating client
2026-01-24 03:50:23 [WARN] [ClientIdentityService:checkRegisteration] client not found {}
2026-01-24 03:50:23 [WARN] [ClientIdentityService:attachSession] client invalid or not found, creating new client
2026-01-24 03:50:23 [INFO] [ClientIdentityService:attachSession] client created {"clientId":"6974336fa27babe8c171160e"}
2026-01-24 03:50:45 [INFO] [ClientIdentityService:attachSession] validating client
2026-01-24 03:50:45 [WARN] [ClientIdentityService:checkRegisteration] client not found {}
2026-01-24 03:50:45 [WARN] [ClientIdentityService:attachSession] client invalid or not found, creating new client
2026-01-24 03:50:45 [INFO] [ClientIdentityService:attachSession] client created {"clientId":"69743385a27babe8c1711611"}
2026-01-24 03:51:08 [INFO] [ClientIdentityService:attachSession] validating client
2026-01-24 03:51:08 [WARN] [ClientIdentityService:checkRegisteration] client not found {}
2026-01-24 03:51:08 [WARN] [ClientIdentityService:attachSession] client invalid or not found, creating new client
2026-01-24 03:51:08 [INFO] [ClientIdentityService:attachSession] client created {"clientId":"6974339ca27babe8c1711614"}
2026-01-24 03:51:44 [INFO] [ClientIdentityService:attachSession] validating client
2026-01-24 03:51:44 [WARN] [ClientIdentityService:checkRegisteration] client not found {}
2026-01-24 03:51:44 [WARN] [ClientIdentityService:attachSession] client invalid or not found, creating new client
2026-01-24 03:51:44 [INFO] [ClientIdentityService:attachSession] client created {"clientId":"697433c04ec05a7f333db8be"}
2026-01-24 03:51:58 [INFO] [ClientIdentityService:attachSession] validating client
2026-01-24 03:51:58 [WARN] [ClientIdentityService:checkRegisteration] client not found {}
2026-01-24 03:51:58 [WARN] [ClientIdentityService:attachSession] client invalid or not found, creating new client
2026-01-24 03:51:58 [INFO] [ClientIdentityService:attachSession] client created {"clientId":"697433ce4ec05a7f333db8c3"}
2026-01-24 03:52:19 [INFO] [ClientIdentityService:attachSession] validating client
2026-01-24 03:52:19 [WARN] [ClientIdentityService:checkRegisteration] client not found {}
2026-01-24 03:52:19 [WARN] [ClientIdentityService:attachSession] client invalid or not found, creating new client
2026-01-24 03:52:19 [INFO] [ClientIdentityService:attachSession] client created {"clientId":"697433e3844d3cfae567367c"}
2026-01-24 03:52:20 [INFO] [ClientIdentityService:attachSession] validating client
2026-01-24 03:52:20 [WARN] [ClientIdentityService:checkRegisteration] client not found {}
2026-01-24 03:52:20 [WARN] [ClientIdentityService:attachSession] client invalid or not found, creating new client
2026-01-24 03:52:20 [INFO] [ClientIdentityService:attachSession] client created {"clientId":"697433e4844d3cfae5673681"}
2026-01-24 03:52:41 [INFO] [ClientIdentityService:attachSession] validating client
2026-01-24 03:52:41 [WARN] [ClientIdentityService:checkRegisteration] client not found {}
2026-01-24 03:52:41 [WARN] [ClientIdentityService:attachSession] client invalid or not found, creating new client
2026-01-24 03:52:41 [INFO] [ClientIdentityService:attachSession] client created {"clientId":"697433f9844d3cfae5673684"}
2026-01-24 03:53:03 [INFO] [ClientIdentityService:attachSession] validating client
2026-01-24 03:53:03 [WARN] [ClientIdentityService:checkRegisteration] client not found {}
2026-01-24 03:53:03 [WARN] [ClientIdentityService:attachSession] client invalid or not found, creating new client
2026-01-24 03:53:03 [INFO] [ClientIdentityService:attachSession] client created {"clientId":"6974340f844d3cfae5673687"}
2026-01-24 03:53:26 [INFO] [ClientIdentityService:attachSession] validating client
2026-01-24 03:53:26 [WARN] [ClientIdentityService:checkRegisteration] client not found {}
2026-01-24 03:53:26 [WARN] [ClientIdentityService:attachSession] client invalid or not found, creating new client
2026-01-24 03:53:26 [INFO] [ClientIdentityService:attachSession] client created {"clientId":"69743426844d3cfae567368a"}
2026-01-24 03:53:51 [INFO] [ClientIdentityService:attachSession] validating client
2026-01-24 03:53:51 [WARN] [ClientIdentityService:checkRegisteration] client not found {}
2026-01-24 03:53:51 [WARN] [ClientIdentityService:attachSession] client invalid or not found, creating new client
2026-01-24 03:53:51 [INFO] [ClientIdentityService:attachSession] client created {"clientId":"6974343f844d3cfae567368d"}
2026-01-24 03:54:33 [INFO] [ClientIdentityService:attachSession] validating client
2026-01-24 03:54:33 [WARN] [ClientIdentityService:checkRegisteration] client not found {}
2026-01-24 03:54:33 [WARN] [ClientIdentityService:attachSession] client invalid or not found, creating new client
2026-01-24 03:54:33 [INFO] [ClientIdentityService:attachSession] client created {"clientId":"69743469844d3cfae5673690"}
2026-01-24 03:54:37 [INFO] [ClientIdentityService:attachSession] validating client
2026-01-24 03:54:37 [WARN] [ClientIdentityService:checkRegisteration] client not found {}
2026-01-24 03:54:37 [WARN] [ClientIdentityService:attachSession] client invalid or not found, creating new client
2026-01-24 03:54:37 [INFO] [ClientIdentityService:attachSession] client created {"clientId":"6974346d844d3cfae5673693"}
2026-01-24 03:54:55 [INFO] [ClientIdentityService:attachSession] validating client
2026-01-24 03:54:55 [WARN] [ClientIdentityService:checkRegisteration] client not found {}
2026-01-24 03:54:55 [WARN] [ClientIdentityService:attachSession] client invalid or not found, creating new client
2026-01-24 03:54:55 [INFO] [ClientIdentityService:attachSession] client created {"clientId":"6974347f844d3cfae5673696"}
2026-01-24 03:54:58 [INFO] [ClientIdentityService:attachSession] validating client
2026-01-24 03:54:58 [WARN] [ClientIdentityService:checkRegisteration] client not found {}
2026-01-24 03:54:58 [WARN] [ClientIdentityService:attachSession] client invalid or not found, creating new client
2026-01-24 03:54:58 [INFO] [ClientIdentityService:attachSession] client created {"clientId":"69743482844d3cfae5673699"}
2026-01-24 03:55:02 [INFO] [ClientIdentityService:attachSession] validating client
2026-01-24 03:55:02 [WARN] [ClientIdentityService:checkRegisteration] client not found {}
2026-01-24 03:55:02 [WARN] [ClientIdentityService:attachSession] client invalid or not found, creating new client
2026-01-24 03:55:02 [INFO] [ClientIdentityService:attachSession] client created {"clientId":"69743486844d3cfae567369c"}
2026-01-24 03:55:17 [INFO] [ClientIdentityService:attachSession] validating client
2026-01-24 03:55:17 [WARN] [ClientIdentityService:checkRegisteration] client not found {}
2026-01-24 03:55:17 [WARN] [ClientIdentityService:attachSession] client invalid or not found, creating new client
2026-01-24 03:55:17 [INFO] [ClientIdentityService:attachSession] client created {"clientId":"69743495844d3cfae56736a1"}
2026-01-24 03:55:23 [INFO] [ClientIdentityService:attachSession] validating client
2026-01-24 03:55:23 [WARN] [ClientIdentityService:checkRegisteration] client not found {}
2026-01-24 03:55:23 [WARN] [ClientIdentityService:attachSession] client invalid or not found, creating new client
2026-01-24 03:55:23 [INFO] [ClientIdentityService:attachSession] client created {"clientId":"6974349b844d3cfae56736a4"}
2026-01-24 03:55:24 [INFO] [ClientIdentityService:attachSession] validating client
2026-01-24 03:55:24 [WARN] [ClientIdentityService:checkRegisteration] client not found {}
2026-01-24 03:55:24 [WARN] [ClientIdentityService:attachSession] client invalid or not found, creating new client
2026-01-24 03:55:24 [INFO] [ClientIdentityService:attachSession] client created {"clientId":"6974349c844d3cfae56736a9"}
2026-01-24 03:55:40 [INFO] [ClientIdentityService:attachSession] validating client
2026-01-24 03:55:40 [WARN] [ClientIdentityService:checkRegisteration] client not found {}
2026-01-24 03:55:40 [WARN] [ClientIdentityService:attachSession] client invalid or not found, creating new client
2026-01-24 03:55:40 [INFO] [ClientIdentityService:attachSession] client created {"clientId":"697434ac844d3cfae56736ae"}
2026-01-24 03:56:01 [INFO] [ClientIdentityService:attachSession] validating client
2026-01-24 03:56:01 [WARN] [ClientIdentityService:checkRegisteration] client not found {}
2026-01-24 03:56:01 [WARN] [ClientIdentityService:attachSession] client invalid or not found, creating new client
2026-01-24 03:56:01 [INFO] [ClientIdentityService:attachSession] client created {"clientId":"697434c1844d3cfae56736b1"}
2026-01-24 03:56:05 [INFO] [ClientIdentityService:attachSession] validating client
2026-01-24 03:56:05 [WARN] [ClientIdentityService:checkRegisteration] client not found {}
2026-01-24 03:56:05 [WARN] [ClientIdentityService:attachSession] client invalid or not found, creating new client
2026-01-24 03:56:05 [INFO] [ClientIdentityService:attachSession] client created {"clientId":"697434c5844d3cfae56736b6"}
2026-01-24 03:56:13 [INFO] [ClientIdentityService:attachSession] validating client
2026-01-24 03:56:13 [WARN] [ClientIdentityService:checkRegisteration] client not found {}
2026-01-24 03:56:13 [WARN] [ClientIdentityService:attachSession] client invalid or not found, creating new client
2026-01-24 03:56:13 [INFO] [ClientIdentityService:attachSession] client created {"clientId":"697434cd844d3cfae56736bb"}
2026-01-24 03:56:23 [INFO] [ClientIdentityService:attachSession] validating client
2026-01-24 03:56:23 [WARN] [ClientIdentityService:checkRegisteration] client not found {}
2026-01-24 03:56:23 [WARN] [ClientIdentityService:attachSession] client invalid or not found, creating new client
2026-01-24 03:56:23 [INFO] [ClientIdentityService:attachSession] client created {"clientId":"697434d7844d3cfae56736be"}
2026-01-24 03:56:25 [INFO] [ClientIdentityService:attachSession] validating client
2026-01-24 03:56:25 [WARN] [ClientIdentityService:checkRegisteration] client not found {}
2026-01-24 03:56:25 [WARN] [ClientIdentityService:attachSession] client invalid or not found, creating new client
2026-01-24 03:56:25 [INFO] [ClientIdentityService:attachSession] client created {"clientId":"697434d9844d3cfae56736c1"}
2026-01-24 03:56:33 [INFO] [ClientIdentityService:attachSession] validating client
2026-01-24 03:56:33 [WARN] [ClientIdentityService:checkRegisteration] client not found {}
2026-01-24 03:56:33 [WARN] [ClientIdentityService:attachSession] client invalid or not found, creating new client
2026-01-24 03:56:33 [INFO] [ClientIdentityService:attachSession] client created {"clientId":"697434e1844d3cfae56736c4"}
2026-01-24 03:56:47 [INFO] [ClientIdentityService:attachSession] validating client
2026-01-24 03:56:47 [WARN] [ClientIdentityService:checkRegisteration] client not found {}
2026-01-24 03:56:47 [WARN] [ClientIdentityService:attachSession] client invalid or not found, creating new client
2026-01-24 03:56:47 [INFO] [ClientIdentityService:attachSession] client created {"clientId":"697434ef844d3cfae56736c7"}
2026-01-24 03:56:47 [INFO] [ClientIdentityService:attachSession] validating client
2026-01-24 03:56:47 [WARN] [ClientIdentityService:checkRegisteration] client not found {}
2026-01-24 03:56:47 [WARN] [ClientIdentityService:attachSession] client invalid or not found, creating new client
2026-01-24 03:56:47 [INFO] [ClientIdentityService:attachSession] client created {"clientId":"697434ef844d3cfae56736ca"}
2026-01-24 03:56:55 [INFO] [ClientIdentityService:attachSession] validating client
2026-01-24 03:56:55 [WARN] [ClientIdentityService:checkRegisteration] client not found {}
2026-01-24 03:56:55 [WARN] [ClientIdentityService:attachSession] client invalid or not found, creating new client
2026-01-24 03:56:55 [INFO] [ClientIdentityService:attachSession] client created {"clientId":"697434f7844d3cfae56736cd"}
2026-01-24 03:57:11 [INFO] [ClientIdentityService:attachSession] validating client
2026-01-24 03:57:11 [WARN] [ClientIdentityService:checkRegisteration] client not found {}
2026-01-24 03:57:11 [WARN] [ClientIdentityService:attachSession] client invalid or not found, creating new client
2026-01-24 03:57:11 [INFO] [ClientIdentityService:attachSession] client created {"clientId":"69743507844d3cfae56736d0"}
2026-01-24 03:57:12 [INFO] [ClientIdentityService:attachSession] validating client
2026-01-24 03:57:12 [WARN] [ClientIdentityService:checkRegisteration] client not found {}
2026-01-24 03:57:12 [WARN] [ClientIdentityService:attachSession] client invalid or not found, creating new client
2026-01-24 03:57:12 [INFO] [ClientIdentityService:attachSession] client created {"clientId":"69743508844d3cfae56736d3"}
2026-01-24 03:57:20 [INFO] [ClientIdentityService:attachSession] validating client
2026-01-24 03:57:20 [WARN] [ClientIdentityService:checkRegisteration] client not found {}
2026-01-24 03:57:20 [WARN] [ClientIdentityService:attachSession] client invalid or not found, creating new client
2026-01-24 03:57:20 [INFO] [ClientIdentityService:attachSession] client created {"clientId":"69743510844d3cfae56736d6"}
2026-01-24 03:57:36 [INFO] [ClientIdentityService:attachSession] validating client
2026-01-24 03:57:36 [WARN] [ClientIdentityService:checkRegisteration] client not found {}
2026-01-24 03:57:36 [WARN] [ClientIdentityService:attachSession] client invalid or not found, creating new client
2026-01-24 03:57:36 [INFO] [ClientIdentityService:attachSession] client created {"clientId":"69743520844d3cfae56736d9"}
2026-01-24 03:57:37 [INFO] [ClientIdentityService:attachSession] validating client
2026-01-24 03:57:37 [WARN] [ClientIdentityService:checkRegisteration] client not found {}
2026-01-24 03:57:37 [WARN] [ClientIdentityService:attachSession] client invalid or not found, creating new client
2026-01-24 03:57:37 [INFO] [ClientIdentityService:attachSession] client created {"clientId":"69743521844d3cfae56736dc"}
2026-01-24 03:57:47 [INFO] [ClientIdentityService:attachSession] validating client
2026-01-24 03:57:47 [WARN] [ClientIdentityService:checkRegisteration] client not found {}
2026-01-24 03:57:47 [WARN] [ClientIdentityService:attachSession] client invalid or not found, creating new client
2026-01-24 03:57:47 [INFO] [ClientIdentityService:attachSession] client created {"clientId":"6974352b844d3cfae56736df"}
2026-01-24 03:58:13 [INFO] [ClientIdentityService:attachSession] validating client
2026-01-24 03:58:13 [WARN] [ClientIdentityService:checkRegisteration] client not found {}
2026-01-24 03:58:13 [WARN] [ClientIdentityService:attachSession] client invalid or not found, creating new client
2026-01-24 03:58:13 [INFO] [ClientIdentityService:attachSession] client created {"clientId":"69743545844d3cfae56736e2"}
2026-01-24 03:58:40 [INFO] [ClientIdentityService:attachSession] validating client
2026-01-24 03:58:40 [WARN] [ClientIdentityService:checkRegisteration] client not found {}
2026-01-24 03:58:40 [WARN] [ClientIdentityService:attachSession] client invalid or not found, creating new client
2026-01-24 03:58:40 [INFO] [ClientIdentityService:attachSession] client created {"clientId":"69743560844d3cfae56736e5"}
2026-01-24 03:59:06 [INFO] [ClientIdentityService:attachSession] validating client
2026-01-24 03:59:06 [WARN] [ClientIdentityService:checkRegisteration] client not found {}
2026-01-24 03:59:06 [WARN] [ClientIdentityService:attachSession] client invalid or not found, creating new client
2026-01-24 03:59:06 [INFO] [ClientIdentityService:attachSession] client created {"clientId":"6974357a844d3cfae56736e8"}
2026-01-24 03:59:27 [INFO] [ClientIdentityService:attachSession] validating client
2026-01-24 03:59:27 [WARN] [ClientIdentityService:checkRegisteration] client not found {}
2026-01-24 03:59:27 [WARN] [ClientIdentityService:attachSession] client invalid or not found, creating new client
2026-01-24 03:59:27 [INFO] [ClientIdentityService:attachSession] client created {"clientId":"6974358fcc648baf37dc4da1"}
2026-01-24 03:59:48 [INFO] [ClientIdentityService:attachSession] validating client
2026-01-24 03:59:48 [WARN] [ClientIdentityService:checkRegisteration] client not found {}
2026-01-24 03:59:48 [WARN] [ClientIdentityService:attachSession] client invalid or not found, creating new client
2026-01-24 03:59:48 [INFO] [ClientIdentityService:attachSession] client created {"clientId":"697435a4cc648baf37dc4da4"}
2026-01-24 03:59:57 [INFO] [ClientIdentityService:attachSession] validating client
2026-01-24 03:59:57 [WARN] [ClientIdentityService:checkRegisteration] client not found {}
2026-01-24 03:59:57 [WARN] [ClientIdentityService:attachSession] client invalid or not found, creating new client
2026-01-24 03:59:57 [INFO] [ClientIdentityService:attachSession] client created {"clientId":"697435adcc648baf37dc4da9"}
2026-01-24 04:00:03 [INFO] [ClientIdentityService:attachSession] validating client
2026-01-24 04:00:03 [WARN] [ClientIdentityService:checkRegisteration] client not found {}
2026-01-24 04:00:03 [WARN] [ClientIdentityService:attachSession] client invalid or not found, creating new client
2026-01-24 04:00:03 [INFO] [ClientIdentityService:attachSession] client created {"clientId":"697435b3cc648baf37dc4dae"}
2026-01-24 04:00:24 [INFO] [ClientIdentityService:attachSession] validating client
2026-01-24 04:00:24 [WARN] [ClientIdentityService:checkRegisteration] client not found {}
2026-01-24 04:00:24 [WARN] [ClientIdentityService:attachSession] client invalid or not found, creating new client
2026-01-24 04:00:24 [INFO] [ClientIdentityService:attachSession] client created {"clientId":"697435c8cc648baf37dc4db1"}
2026-01-24 04:00:35 [INFO] [ClientIdentityService:attachSession] validating client
2026-01-24 04:00:35 [WARN] [ClientIdentityService:checkRegisteration] client not found {}
2026-01-24 04:00:35 [WARN] [ClientIdentityService:attachSession] client invalid or not found, creating new client
2026-01-24 04:00:35 [INFO] [ClientIdentityService:attachSession] client created {"clientId":"697435d3cc648baf37dc4db6"}
2026-01-24 04:00:51 [INFO] [ClientIdentityService:attachSession] validating client
2026-01-24 04:00:51 [WARN] [ClientIdentityService:checkRegisteration] client not found {}
2026-01-24 04:00:51 [WARN] [ClientIdentityService:attachSession] client invalid or not found, creating new client
2026-01-24 04:00:51 [INFO] [ClientIdentityService:attachSession] client created {"clientId":"697435e3cc648baf37dc4dbb"}
2026-01-24 04:01:00 [INFO] [ClientIdentityService:attachSession] validating client
2026-01-24 04:01:00 [WARN] [ClientIdentityService:checkRegisteration] client not found {}
2026-01-24 04:01:00 [WARN] [ClientIdentityService:attachSession] client invalid or not found, creating new client
2026-01-24 04:01:00 [INFO] [ClientIdentityService:attachSession] client created {"clientId":"697435eccc648baf37dc4dbe"}
2026-01-24 04:01:08 [INFO] [ClientIdentityService:attachSession] validating client
2026-01-24 04:01:08 [WARN] [ClientIdentityService:checkRegisteration] client not found {}
2026-01-24 04:01:08 [WARN] [ClientIdentityService:attachSession] client invalid or not found, creating new client
2026-01-24 04:01:08 [INFO] [ClientIdentityService:attachSession] client created {"clientId":"697435f4cc648baf37dc4dc3"}
2026-01-24 04:01:12 [INFO] [ClientIdentityService:attachSession] validating client
2026-01-24 04:01:12 [WARN] [ClientIdentityService:checkRegisteration] client not found {}
2026-01-24 04:01:12 [WARN] [ClientIdentityService:attachSession] client invalid or not found, creating new client
2026-01-24 04:01:12 [INFO] [ClientIdentityService:attachSession] client created {"clientId":"697435f8cc648baf37dc4dc6"}
2026-01-24 04:01:16 [INFO] [ClientIdentityService:attachSession] validating client
2026-01-24 04:01:16 [WARN] [ClientIdentityService:checkRegisteration] client not found {}
2026-01-24 04:01:16 [WARN] [ClientIdentityService:attachSession] client invalid or not found, creating new client
2026-01-24 04:01:16 [INFO] [ClientIdentityService:attachSession] client created {"clientId":"697435fccc648baf37dc4dcb"}
2026-01-24 04:01:36 [INFO] [ClientIdentityService:attachSession] validating client
2026-01-24 04:01:36 [WARN] [ClientIdentityService:checkRegisteration] client not found {}
2026-01-24 04:01:36 [WARN] [ClientIdentityService:attachSession] client invalid or not found, creating new client
2026-01-24 04:01:36 [INFO] [ClientIdentityService:attachSession] client created {"clientId":"69743610cc648baf37dc4dd0"}
2026-01-24 04:01:38 [INFO] [ClientIdentityService:attachSession] validating client
2026-01-24 04:01:38 [WARN] [ClientIdentityService:checkRegisteration] client not found {}
2026-01-24 04:01:38 [WARN] [ClientIdentityService:attachSession] client invalid or not found, creating new client
2026-01-24 04:01:38 [INFO] [ClientIdentityService:attachSession] client created {"clientId":"69743612cc648baf37dc4dd3"}
2026-01-24 04:01:47 [INFO] [ClientIdentityService:attachSession] validating client
2026-01-24 04:01:47 [WARN] [ClientIdentityService:checkRegisteration] client not found {}
2026-01-24 04:01:47 [WARN] [ClientIdentityService:attachSession] client invalid or not found, creating new client
2026-01-24 04:01:47 [INFO] [ClientIdentityService:attachSession] client created {"clientId":"6974361bcc648baf37dc4dd8"}
2026-01-24 04:01:53 [INFO] [ClientIdentityService:attachSession] validating client
2026-01-24 04:01:53 [WARN] [ClientIdentityService:checkRegisteration] client not found {}
2026-01-24 04:01:53 [WARN] [ClientIdentityService:attachSession] client invalid or not found, creating new client
2026-01-24 04:01:53 [INFO] [ClientIdentityService:attachSession] client created {"clientId":"69743621cc648baf37dc4ddd"}
2026-01-24 04:02:08 [INFO] [ClientIdentityService:attachSession] validating client
2026-01-24 04:02:08 [WARN] [ClientIdentityService:checkRegisteration] client not found {}
2026-01-24 04:02:08 [WARN] [ClientIdentityService:attachSession] client invalid or not found, creating new client
2026-01-24 04:02:08 [INFO] [ClientIdentityService:attachSession] client created {"clientId":"69743630cc648baf37dc4de0"}
2026-01-24 04:02:14 [INFO] [ClientIdentityService:attachSession] validating client
2026-01-24 04:02:14 [WARN] [ClientIdentityService:checkRegisteration] client not found {}
2026-01-24 04:02:14 [WARN] [ClientIdentityService:attachSession] client invalid or not found, creating new client
2026-01-24 04:02:14 [INFO] [ClientIdentityService:attachSession] client created {"clientId":"69743636cc648baf37dc4de3"}
2026-01-24 04:02:21 [INFO] [ClientIdentityService:attachSession] validating client
2026-01-24 04:02:21 [WARN] [ClientIdentityService:checkRegisteration] client not found {}
2026-01-24 04:02:21 [WARN] [ClientIdentityService:attachSession] client invalid or not found, creating new client
2026-01-24 04:02:21 [INFO] [ClientIdentityService:attachSession] client created {"clientId":"6974363dcc648baf37dc4de8"}
2026-01-24 04:02:40 [INFO] [ClientIdentityService:attachSession] validating client
2026-01-24 04:02:40 [WARN] [ClientIdentityService:checkRegisteration] client not found {}
2026-01-24 04:02:40 [WARN] [ClientIdentityService:attachSession] client invalid or not found, creating new client
2026-01-24 04:02:41 [INFO] [ClientIdentityService:attachSession] client created {"clientId":"69743651cc648baf37dc4deb"}
2026-01-24 04:02:42 [INFO] [ClientIdentityService:attachSession] validating client
2026-01-24 04:02:42 [WARN] [ClientIdentityService:checkRegisteration] client not found {}
2026-01-24 04:02:42 [WARN] [ClientIdentityService:attachSession] client invalid or not found, creating new client
2026-01-24 04:02:42 [INFO] [ClientIdentityService:attachSession] client created {"clientId":"69743652cc648baf37dc4dee"}
2026-01-24 04:03:05 [INFO] [ClientIdentityService:attachSession] validating client
2026-01-24 04:03:05 [WARN] [ClientIdentityService:checkRegisteration] client not found {}
2026-01-24 04:03:05 [WARN] [ClientIdentityService:attachSession] client invalid or not found, creating new client
2026-01-24 04:03:05 [INFO] [ClientIdentityService:attachSession] client created {"clientId":"69743669cc648baf37dc4df1"}
2026-01-24 04:03:05 [INFO] [ClientIdentityService:attachSession] validating client
2026-01-24 04:03:05 [WARN] [ClientIdentityService:checkRegisteration] client not found {}
2026-01-24 04:03:05 [WARN] [ClientIdentityService:attachSession] client invalid or not found, creating new client
2026-01-24 04:03:06 [INFO] [ClientIdentityService:attachSession] client created {"clientId":"6974366acc648baf37dc4df4"}
2026-01-24 04:03:15 [INFO] [ClientIdentityService:attachSession] validating client
2026-01-24 04:03:15 [WARN] [ClientIdentityService:checkRegisteration] client not found {}
2026-01-24 04:03:15 [WARN] [ClientIdentityService:attachSession] client invalid or not found, creating new client
2026-01-24 04:03:15 [INFO] [ClientIdentityService:attachSession] client created {"clientId":"69743673cc648baf37dc4df9"}
2026-01-24 04:03:36 [INFO] [ClientIdentityService:attachSession] validating client
2026-01-24 04:03:36 [WARN] [ClientIdentityService:checkRegisteration] client not found {}
2026-01-24 04:03:36 [WARN] [ClientIdentityService:attachSession] client invalid or not found, creating new client
2026-01-24 04:03:36 [INFO] [ClientIdentityService:attachSession] client created {"clientId":"6974368883466180bcab416a"}
2026-01-24 04:03:57 [INFO] [ClientIdentityService:attachSession] validating client
2026-01-24 04:03:57 [WARN] [ClientIdentityService:checkRegisteration] client not found {}
2026-01-24 04:03:57 [WARN] [ClientIdentityService:attachSession] client invalid or not found, creating new client
2026-01-24 04:03:57 [INFO] [ClientIdentityService:attachSession] client created {"clientId":"6974369d83466180bcab416d"}
2026-01-24 04:03:58 [INFO] [ClientIdentityService:attachSession] validating client
2026-01-24 04:03:58 [WARN] [ClientIdentityService:checkRegisteration] client not found {}
2026-01-24 04:03:58 [WARN] [ClientIdentityService:attachSession] client invalid or not found, creating new client
2026-01-24 04:03:58 [INFO] [ClientIdentityService:attachSession] client created {"clientId":"6974369e83466180bcab4170"}
2026-01-24 04:04:24 [INFO] [ClientIdentityService:attachSession] validating client
2026-01-24 04:04:24 [WARN] [ClientIdentityService:checkRegisteration] client not found {}
2026-01-24 04:04:24 [WARN] [ClientIdentityService:attachSession] client invalid or not found, creating new client
2026-01-24 04:04:24 [INFO] [ClientIdentityService:attachSession] client created {"clientId":"697436b8adb09e5dff62790b"}
2026-01-24 04:04:45 [INFO] [ClientIdentityService:attachSession] validating client
2026-01-24 04:04:45 [WARN] [ClientIdentityService:checkRegisteration] client not found {}
2026-01-24 04:04:45 [WARN] [ClientIdentityService:attachSession] client invalid or not found, creating new client
2026-01-24 04:04:45 [INFO] [ClientIdentityService:attachSession] client created {"clientId":"697436cdadb09e5dff627910"}
2026-01-24 04:05:06 [INFO] [ClientIdentityService:attachSession] validating client
2026-01-24 04:05:06 [WARN] [ClientIdentityService:checkRegisteration] client not found {}
2026-01-24 04:05:06 [WARN] [ClientIdentityService:attachSession] client invalid or not found, creating new client
2026-01-24 04:05:06 [INFO] [ClientIdentityService:attachSession] client created {"clientId":"697436e2adb09e5dff627913"}
2026-01-24 04:05:31 [INFO] [ClientIdentityService:attachSession] validating client
2026-01-24 04:05:31 [WARN] [ClientIdentityService:checkRegisteration] client not found {}
2026-01-24 04:05:31 [WARN] [ClientIdentityService:attachSession] client invalid or not found, creating new client
2026-01-24 04:05:31 [INFO] [ClientIdentityService:attachSession] client created {"clientId":"697436fbadb09e5dff627916"}
2026-01-24 04:05:56 [INFO] [ClientIdentityService:attachSession] validating client
2026-01-24 04:05:56 [WARN] [ClientIdentityService:checkRegisteration] client not found {}
2026-01-24 04:05:56 [WARN] [ClientIdentityService:attachSession] client invalid or not found, creating new client
2026-01-24 04:05:56 [INFO] [ClientIdentityService:attachSession] client created {"clientId":"69743714adb09e5dff627919"}
2026-01-24 04:06:15 [INFO] [ClientIdentityService:attachSession] validating client
2026-01-24 04:06:15 [WARN] [ClientIdentityService:checkRegisteration] client not found {}
2026-01-24 04:06:15 [WARN] [ClientIdentityService:attachSession] client invalid or not found, creating new client
2026-01-24 04:06:15 [INFO] [ClientIdentityService:attachSession] client created {"clientId":"69743727b0dd8cd26bd5d3d8"}
2026-01-24 04:06:36 [INFO] [ClientIdentityService:attachSession] validating client
2026-01-24 04:06:36 [WARN] [ClientIdentityService:checkRegisteration] client not found {}
2026-01-24 04:06:36 [WARN] [ClientIdentityService:attachSession] client invalid or not found, creating new client
2026-01-24 04:06:36 [INFO] [ClientIdentityService:attachSession] client created {"clientId":"6974373cb0dd8cd26bd5d3dd"}
2026-01-24 04:07:00 [INFO] [ClientIdentityService:attachSession] validating client
2026-01-24 04:07:00 [WARN] [ClientIdentityService:checkRegisteration] client not found {}
2026-01-24 04:07:00 [WARN] [ClientIdentityService:attachSession] client invalid or not found, creating new client
2026-01-24 04:07:00 [INFO] [ClientIdentityService:attachSession] client created {"clientId":"6974375484c5a7624de9f563"}
2026-01-24 04:07:21 [INFO] [ClientIdentityService:attachSession] validating client
2026-01-24 04:07:21 [WARN] [ClientIdentityService:checkRegisteration] client not found {}
2026-01-24 04:07:21 [WARN] [ClientIdentityService:attachSession] client invalid or not found, creating new client
2026-01-24 04:07:21 [INFO] [ClientIdentityService:attachSession] client created {"clientId":"6974376984c5a7624de9f568"}
2026-01-24 04:07:43 [INFO] [ClientIdentityService:attachSession] validating client
2026-01-24 04:07:43 [WARN] [ClientIdentityService:checkRegisteration] client not found {}
2026-01-24 04:07:43 [WARN] [ClientIdentityService:attachSession] client invalid or not found, creating new client
2026-01-24 04:07:43 [INFO] [ClientIdentityService:attachSession] client created {"clientId":"6974377fda8ddd6797de31c5"}
2026-01-24 04:08:03 [INFO] [ClientIdentityService:attachSession] validating client
2026-01-24 04:08:03 [WARN] [ClientIdentityService:checkRegisteration] client not found {}
2026-01-24 04:08:03 [WARN] [ClientIdentityService:attachSession] client invalid or not found, creating new client
2026-01-24 04:08:03 [INFO] [ClientIdentityService:attachSession] client created {"clientId":"69743793da8ddd6797de31ca"}
2026-01-24 04:08:25 [INFO] [ClientIdentityService:attachSession] validating client
2026-01-24 04:08:25 [WARN] [ClientIdentityService:checkRegisteration] client not found {}
2026-01-24 04:08:25 [WARN] [ClientIdentityService:attachSession] client invalid or not found, creating new client
2026-01-24 04:08:25 [INFO] [ClientIdentityService:attachSession] client created {"clientId":"697437a9da8ddd6797de31cd"}
2026-01-24 04:08:48 [INFO] [ClientIdentityService:attachSession] validating client
2026-01-24 04:08:48 [WARN] [ClientIdentityService:checkRegisteration] client not found {}
2026-01-24 04:08:48 [WARN] [ClientIdentityService:attachSession] client invalid or not found, creating new client
2026-01-24 04:08:48 [INFO] [ClientIdentityService:attachSession] client created {"clientId":"697437c0da8ddd6797de31d2"}
2026-01-24 04:08:49 [INFO] [ClientIdentityService:attachSession] validating client
2026-01-24 04:08:49 [WARN] [ClientIdentityService:checkRegisteration] client not found {}
2026-01-24 04:08:49 [WARN] [ClientIdentityService:attachSession] client invalid or not found, creating new client
2026-01-24 04:08:49 [INFO] [ClientIdentityService:attachSession] client created {"clientId":"697437c1da8ddd6797de31d7"}
2026-01-24 04:09:06 [INFO] [ClientIdentityService:attachSession] validating client
2026-01-24 04:09:06 [WARN] [ClientIdentityService:checkRegisteration] client not found {}
2026-01-24 04:09:06 [WARN] [ClientIdentityService:attachSession] client invalid or not found, creating new client
2026-01-24 04:09:06 [INFO] [ClientIdentityService:attachSession] client created {"clientId":"697437d2da8ddd6797de31dc"}
2026-01-24 04:09:11 [INFO] [ClientIdentityService:attachSession] validating client
2026-01-24 04:09:11 [WARN] [ClientIdentityService:checkRegisteration] client not found {}
2026-01-24 04:09:11 [WARN] [ClientIdentityService:attachSession] client invalid or not found, creating new client
2026-01-24 04:09:11 [INFO] [ClientIdentityService:attachSession] client created {"clientId":"697437d7da8ddd6797de31df"}
2026-01-24 04:09:27 [INFO] [ClientIdentityService:attachSession] validating client
2026-01-24 04:09:27 [WARN] [ClientIdentityService:checkRegisteration] client not found {}
2026-01-24 04:09:27 [WARN] [ClientIdentityService:attachSession] client invalid or not found, creating new client
2026-01-24 04:09:27 [INFO] [ClientIdentityService:attachSession] client created {"clientId":"697437e7da8ddd6797de31e2"}
2026-01-24 04:09:33 [INFO] [ClientIdentityService:attachSession] validating client
2026-01-24 04:09:33 [WARN] [ClientIdentityService:checkRegisteration] client not found {}
2026-01-24 04:09:33 [WARN] [ClientIdentityService:attachSession] client invalid or not found, creating new client
2026-01-24 04:09:33 [INFO] [ClientIdentityService:attachSession] client created {"clientId":"697437edda8ddd6797de31e5"}
2026-01-24 04:09:49 [INFO] [ClientIdentityService:attachSession] validating client
2026-01-24 04:09:49 [WARN] [ClientIdentityService:checkRegisteration] client not found {}
2026-01-24 04:09:49 [WARN] [ClientIdentityService:attachSession] client invalid or not found, creating new client
2026-01-24 04:09:49 [INFO] [ClientIdentityService:attachSession] client created {"clientId":"697437fdda8ddd6797de31e8"}
2026-01-24 04:09:57 [INFO] [ClientIdentityService:attachSession] validating client
2026-01-24 04:09:57 [WARN] [ClientIdentityService:checkRegisteration] client not found {}
2026-01-24 04:09:57 [WARN] [ClientIdentityService:attachSession] client invalid or not found, creating new client
2026-01-24 04:09:57 [INFO] [ClientIdentityService:attachSession] client created {"clientId":"69743805da8ddd6797de31eb"}
2026-01-24 04:10:14 [INFO] [ClientIdentityService:attachSession] validating client
2026-01-24 04:10:14 [WARN] [ClientIdentityService:checkRegisteration] client not found {}
2026-01-24 04:10:14 [WARN] [ClientIdentityService:attachSession] client invalid or not found, creating new client
2026-01-24 04:10:14 [INFO] [ClientIdentityService:attachSession] client created {"clientId":"69743816da8ddd6797de31ee"}
2026-01-24 04:10:22 [INFO] [ClientIdentityService:attachSession] validating client
2026-01-24 04:10:22 [WARN] [ClientIdentityService:checkRegisteration] client not found {}
2026-01-24 04:10:22 [WARN] [ClientIdentityService:attachSession] client invalid or not found, creating new client
2026-01-24 04:10:22 [INFO] [ClientIdentityService:attachSession] client created {"clientId":"6974381eda8ddd6797de31f1"}
2026-01-24 04:10:39 [INFO] [ClientIdentityService:attachSession] validating client
2026-01-24 04:10:39 [WARN] [ClientIdentityService:checkRegisteration] client not found {}
2026-01-24 04:10:39 [WARN] [ClientIdentityService:attachSession] client invalid or not found, creating new client
2026-01-24 04:10:39 [INFO] [ClientIdentityService:attachSession] client created {"clientId":"6974382fda8ddd6797de31f4"}
2026-01-24 04:10:47 [INFO] [ClientIdentityService:attachSession] validating client
2026-01-24 04:10:47 [WARN] [ClientIdentityService:checkRegisteration] client not found {}
2026-01-24 04:10:47 [WARN] [ClientIdentityService:attachSession] client invalid or not found, creating new client
2026-01-24 04:10:47 [INFO] [ClientIdentityService:attachSession] client created {"clientId":"69743837da8ddd6797de31f7"}
2026-01-24 04:11:03 [INFO] [ClientIdentityService:attachSession] validating client
2026-01-24 04:11:03 [WARN] [ClientIdentityService:checkRegisteration] client not found {}
2026-01-24 04:11:03 [WARN] [ClientIdentityService:attachSession] client invalid or not found, creating new client
2026-01-24 04:11:04 [INFO] [ClientIdentityService:attachSession] client created {"clientId":"69743848da8ddd6797de31fa"}
2026-01-24 04:11:12 [INFO] [ClientIdentityService:attachSession] validating client
2026-01-24 04:11:12 [WARN] [ClientIdentityService:checkRegisteration] client not found {}
2026-01-24 04:11:12 [WARN] [ClientIdentityService:attachSession] client invalid or not found, creating new client
2026-01-24 04:11:12 [INFO] [ClientIdentityService:attachSession] client created {"clientId":"69743850da8ddd6797de31fd"}
2026-01-24 04:11:28 [INFO] [ClientIdentityService:attachSession] validating client
2026-01-24 04:11:28 [WARN] [ClientIdentityService:checkRegisteration] client not found {}
2026-01-24 04:11:28 [WARN] [ClientIdentityService:attachSession] client invalid or not found, creating new client
2026-01-24 04:11:29 [INFO] [ClientIdentityService:attachSession] client created {"clientId":"69743861da8ddd6797de3200"}
2026-01-24 04:13:46 [INFO] [ClientIdentityService:attachSession] validating client
2026-01-24 04:13:46 [WARN] [ClientIdentityService:checkRegisteration] client not found {}
2026-01-24 04:13:46 [WARN] [ClientIdentityService:attachSession] client invalid or not found, creating new client
2026-01-24 04:13:46 [INFO] [ClientIdentityService:attachSession] client created {"clientId":"697438ea78aef1a7244dc508"}
2026-01-24 04:13:52 [INFO] [ClientIdentityService:attachSession] validating client
2026-01-24 04:13:52 [WARN] [ClientIdentityService:checkRegisteration] client not found {}
2026-01-24 04:13:52 [WARN] [ClientIdentityService:attachSession] client invalid or not found, creating new client
2026-01-24 04:13:52 [INFO] [ClientIdentityService:attachSession] client created {"clientId":"697438f078aef1a7244dc50b"}
2026-01-24 04:14:13 [INFO] [ClientIdentityService:attachSession] validating client
2026-01-24 04:14:13 [WARN] [ClientIdentityService:checkRegisteration] client not found {}
2026-01-24 04:14:13 [WARN] [ClientIdentityService:attachSession] client invalid or not found, creating new client
2026-01-24 04:14:13 [INFO] [ClientIdentityService:attachSession] client created {"clientId":"6974390578aef1a7244dc50e"}
2026-01-24 04:14:21 [INFO] [ClientIdentityService:attachSession] validating client
2026-01-24 04:14:21 [WARN] [ClientIdentityService:checkRegisteration] client not found {}
2026-01-24 04:14:21 [WARN] [ClientIdentityService:attachSession] client invalid or not found, creating new client
2026-01-24 04:14:21 [INFO] [ClientIdentityService:attachSession] client created {"clientId":"6974390d78aef1a7244dc511"}
2026-01-24 04:14:25 [INFO] [ClientIdentityService:attachSession] validating client
2026-01-24 04:14:25 [WARN] [ClientIdentityService:checkRegisteration] client not found {}
2026-01-24 04:14:25 [WARN] [ClientIdentityService:attachSession] client invalid or not found, creating new client
2026-01-24 04:14:25 [INFO] [ClientIdentityService:attachSession] client created {"clientId":"6974391178aef1a7244dc514"}
2026-01-24 04:14:38 [INFO] [ClientIdentityService:attachSession] validating client
2026-01-24 04:14:38 [WARN] [ClientIdentityService:checkRegisteration] client not found {}
2026-01-24 04:14:38 [WARN] [ClientIdentityService:attachSession] client invalid or not found, creating new client
2026-01-24 04:14:38 [INFO] [ClientIdentityService:attachSession] client created {"clientId":"6974391e78aef1a7244dc517"}
2026-01-24 04:14:40 [INFO] [ClientIdentityService:attachSession] validating client
2026-01-24 04:14:40 [WARN] [ClientIdentityService:checkRegisteration] client not found {}
2026-01-24 04:14:40 [WARN] [ClientIdentityService:attachSession] client invalid or not found, creating new client
2026-01-24 04:14:40 [INFO] [ClientIdentityService:attachSession] client created {"clientId":"6974392078aef1a7244dc51a"}
2026-01-24 04:15:01 [INFO] [ClientIdentityService:attachSession] validating client
2026-01-24 04:15:01 [WARN] [ClientIdentityService:checkRegisteration] client not found {}
2026-01-24 04:15:01 [WARN] [ClientIdentityService:attachSession] client invalid or not found, creating new client
2026-01-24 04:15:01 [INFO] [ClientIdentityService:attachSession] client created {"clientId":"6974393578aef1a7244dc51d"}
2026-01-24 04:15:09 [INFO] [ClientIdentityService:attachSession] validating client
2026-01-24 04:15:09 [WARN] [ClientIdentityService:checkRegisteration] client not found {}
2026-01-24 04:15:09 [WARN] [ClientIdentityService:attachSession] client invalid or not found, creating new client
2026-01-24 04:15:09 [INFO] [ClientIdentityService:attachSession] client created {"clientId":"6974393d78aef1a7244dc520"}
2026-01-24 04:15:19 [INFO] [ClientIdentityService:attachSession] validating client
2026-01-24 04:15:19 [WARN] [ClientIdentityService:checkRegisteration] client not found {}
2026-01-24 04:15:19 [WARN] [ClientIdentityService:attachSession] client invalid or not found, creating new client
2026-01-24 04:15:19 [INFO] [ClientIdentityService:attachSession] client created {"clientId":"6974394778aef1a7244dc523"}
2026-01-24 04:15:24 [INFO] [ClientIdentityService:attachSession] validating client
2026-01-24 04:15:24 [WARN] [ClientIdentityService:checkRegisteration] client not found {}
2026-01-24 04:15:24 [WARN] [ClientIdentityService:attachSession] client invalid or not found, creating new client
2026-01-24 04:15:24 [INFO] [ClientIdentityService:attachSession] client created {"clientId":"6974394c78aef1a7244dc526"}
2026-01-24 04:15:44 [INFO] [ClientIdentityService:attachSession] validating client
2026-01-24 04:15:44 [WARN] [ClientIdentityService:checkRegisteration] client not found {}
2026-01-24 04:15:44 [WARN] [ClientIdentityService:attachSession] client invalid or not found, creating new client
2026-01-24 04:15:44 [INFO] [ClientIdentityService:attachSession] client created {"clientId":"6974396078aef1a7244dc529"}
2026-01-24 04:16:06 [INFO] [ClientIdentityService:attachSession] validating client
2026-01-24 04:16:06 [WARN] [ClientIdentityService:checkRegisteration] client not found {}
2026-01-24 04:16:06 [WARN] [ClientIdentityService:attachSession] client invalid or not found, creating new client
2026-01-24 04:16:06 [INFO] [ClientIdentityService:attachSession] client created {"clientId":"6974397678aef1a7244dc52c"}
2026-01-24 04:16:29 [INFO] [ClientIdentityService:attachSession] validating client
2026-01-24 04:16:29 [WARN] [ClientIdentityService:checkRegisteration] client not found {}
2026-01-24 04:16:29 [WARN] [ClientIdentityService:attachSession] client invalid or not found, creating new client
2026-01-24 04:16:29 [INFO] [ClientIdentityService:attachSession] client created {"clientId":"6974398d78aef1a7244dc52f"}
2026-01-24 04:16:54 [INFO] [ClientIdentityService:attachSession] validating client
2026-01-24 04:16:54 [WARN] [ClientIdentityService:checkRegisteration] client not found {}
2026-01-24 04:16:54 [WARN] [ClientIdentityService:attachSession] client invalid or not found, creating new client
2026-01-24 04:16:54 [INFO] [ClientIdentityService:attachSession] client created {"clientId":"697439a678aef1a7244dc532"}
2026-01-24 04:17:13 [INFO] [ClientIdentityService:attachSession] validating client
2026-01-24 04:17:13 [WARN] [ClientIdentityService:checkRegisteration] client not found {}
2026-01-24 04:17:13 [WARN] [ClientIdentityService:attachSession] client invalid or not found, creating new client
2026-01-24 04:17:13 [INFO] [ClientIdentityService:attachSession] client created {"clientId":"697439b978aef1a7244dc535"}
2026-01-24 04:17:21 [INFO] [ClientIdentityService:attachSession] validating client
2026-01-24 04:17:21 [WARN] [ClientIdentityService:checkRegisteration] client not found {}
2026-01-24 04:17:21 [WARN] [ClientIdentityService:attachSession] client invalid or not found, creating new client
2026-01-24 04:17:21 [INFO] [ClientIdentityService:attachSession] client created {"clientId":"697439c178aef1a7244dc538"}
2026-01-24 04:17:22 [INFO] [ClientIdentityService:attachSession] validating client
2026-01-24 04:17:22 [WARN] [ClientIdentityService:checkRegisteration] client not found {}
2026-01-24 04:17:22 [WARN] [ClientIdentityService:attachSession] client invalid or not found, creating new client
2026-01-24 04:17:22 [INFO] [ClientIdentityService:attachSession] client created {"clientId":"697439c278aef1a7244dc53b"}
2026-01-24 04:17:26 [INFO] [ClientIdentityService:attachSession] validating client
2026-01-24 04:17:26 [WARN] [ClientIdentityService:checkRegisteration] client not found {}
2026-01-24 04:17:26 [WARN] [ClientIdentityService:attachSession] client invalid or not found, creating new client
2026-01-24 04:17:26 [INFO] [ClientIdentityService:attachSession] client created {"clientId":"697439c678aef1a7244dc53e"}
2026-01-24 04:17:48 [INFO] [ClientIdentityService:attachSession] validating client
2026-01-24 04:17:48 [WARN] [ClientIdentityService:checkRegisteration] client not found {}
2026-01-24 04:17:48 [WARN] [ClientIdentityService:attachSession] client invalid or not found, creating new client
2026-01-24 04:17:48 [INFO] [ClientIdentityService:attachSession] client created {"clientId":"697439dc78aef1a7244dc541"}
2026-01-24 04:18:09 [INFO] [ClientIdentityService:attachSession] validating client
2026-01-24 04:18:09 [WARN] [ClientIdentityService:checkRegisteration] client not found {}
2026-01-24 04:18:09 [WARN] [ClientIdentityService:attachSession] client invalid or not found, creating new client
2026-01-24 04:18:10 [INFO] [ClientIdentityService:attachSession] client created {"clientId":"697439f278aef1a7244dc544"}
2026-01-24 04:18:28 [INFO] [ClientIdentityService:attachSession] validating client
2026-01-24 04:18:28 [WARN] [ClientIdentityService:checkRegisteration] client not found {}
2026-01-24 04:18:28 [WARN] [ClientIdentityService:attachSession] client invalid or not found, creating new client
2026-01-24 04:18:28 [INFO] [ClientIdentityService:attachSession] client created {"clientId":"69743a04cdd70798489858cc"}
2026-01-24 04:18:49 [INFO] [ClientIdentityService:attachSession] validating client
2026-01-24 04:18:49 [WARN] [ClientIdentityService:checkRegisteration] client not found {}
2026-01-24 04:18:49 [WARN] [ClientIdentityService:attachSession] client invalid or not found, creating new client
2026-01-24 04:18:49 [INFO] [ClientIdentityService:attachSession] client created {"clientId":"69743a19cdd70798489858cf"}
2026-01-24 04:19:12 [INFO] [ClientIdentityService:attachSession] validating client
2026-01-24 04:19:12 [WARN] [ClientIdentityService:checkRegisteration] client not found {}
2026-01-24 04:19:12 [WARN] [ClientIdentityService:attachSession] client invalid or not found, creating new client
2026-01-24 04:19:12 [INFO] [ClientIdentityService:attachSession] client created {"clientId":"69743a30cdd70798489858d2"}
2026-01-24 04:19:36 [INFO] [ClientIdentityService:attachSession] validating client
2026-01-24 04:19:36 [WARN] [ClientIdentityService:checkRegisteration] client not found {}
2026-01-24 04:19:36 [WARN] [ClientIdentityService:attachSession] client invalid or not found, creating new client
2026-01-24 04:19:36 [INFO] [ClientIdentityService:attachSession] client created {"clientId":"69743a48cdd70798489858d5"}
2026-01-24 04:19:36 [INFO] [ClientIdentityService:attachSession] validating client
2026-01-24 04:19:36 [WARN] [ClientIdentityService:checkRegisteration] client not found {}
2026-01-24 04:19:36 [WARN] [ClientIdentityService:attachSession] client invalid or not found, creating new client
2026-01-24 04:19:36 [INFO] [ClientIdentityService:attachSession] client created {"clientId":"69743a48cdd70798489858d8"}
2026-01-24 04:19:58 [INFO] [ClientIdentityService:attachSession] validating client
2026-01-24 04:19:58 [WARN] [ClientIdentityService:checkRegisteration] client not found {}
2026-01-24 04:19:58 [WARN] [ClientIdentityService:attachSession] client invalid or not found, creating new client
2026-01-24 04:19:58 [INFO] [ClientIdentityService:attachSession] client created {"clientId":"69743a5ecdd70798489858db"}
2026-01-24 04:20:16 [INFO] [ClientIdentityService:attachSession] validating client
2026-01-24 04:20:16 [WARN] [ClientIdentityService:checkRegisteration] client not found {}
2026-01-24 04:20:16 [WARN] [ClientIdentityService:attachSession] client invalid or not found, creating new client
2026-01-24 04:20:16 [INFO] [ClientIdentityService:attachSession] client created {"clientId":"69743a70cdd70798489858de"}
2026-01-24 04:20:37 [INFO] [ClientIdentityService:attachSession] validating client
2026-01-24 04:20:37 [WARN] [ClientIdentityService:checkRegisteration] client not found {}
2026-01-24 04:20:37 [WARN] [ClientIdentityService:attachSession] client invalid or not found, creating new client
2026-01-24 04:20:37 [INFO] [ClientIdentityService:attachSession] client created {"clientId":"69743a85cdd70798489858e1"}
2026-01-24 04:20:44 [INFO] [ClientIdentityService:attachSession] validating client
2026-01-24 04:20:44 [WARN] [ClientIdentityService:checkRegisteration] client not found {}
2026-01-24 04:20:44 [WARN] [ClientIdentityService:attachSession] client invalid or not found, creating new client
2026-01-24 04:20:44 [INFO] [ClientIdentityService:attachSession] client created {"clientId":"69743a8ccdd70798489858e4"}
2026-01-24 04:20:59 [INFO] [ClientIdentityService:attachSession] validating client
2026-01-24 04:20:59 [WARN] [ClientIdentityService:checkRegisteration] client not found {}
2026-01-24 04:20:59 [WARN] [ClientIdentityService:attachSession] client invalid or not found, creating new client
2026-01-24 04:20:59 [INFO] [ClientIdentityService:attachSession] client created {"clientId":"69743a9bcdd70798489858e7"}
2026-01-24 04:21:05 [INFO] [ClientIdentityService:attachSession] validating client
2026-01-24 04:21:05 [WARN] [ClientIdentityService:checkRegisteration] client not found {}
2026-01-24 04:21:05 [WARN] [ClientIdentityService:attachSession] client invalid or not found, creating new client
2026-01-24 04:21:05 [INFO] [ClientIdentityService:attachSession] client created {"clientId":"69743aa1cdd70798489858ea"}
2026-01-24 04:21:06 [INFO] [ClientIdentityService:attachSession] validating client
2026-01-24 04:21:06 [WARN] [ClientIdentityService:checkRegisteration] client not found {}
2026-01-24 04:21:06 [WARN] [ClientIdentityService:attachSession] client invalid or not found, creating new client
2026-01-24 04:21:06 [INFO] [ClientIdentityService:attachSession] client created {"clientId":"69743aa2cdd70798489858ed"}
2026-01-24 04:21:27 [INFO] [ClientIdentityService:attachSession] validating client
2026-01-24 04:21:27 [WARN] [ClientIdentityService:checkRegisteration] client not found {}
2026-01-24 04:21:27 [WARN] [ClientIdentityService:attachSession] client invalid or not found, creating new client
2026-01-24 04:21:27 [INFO] [ClientIdentityService:attachSession] client created {"clientId":"69743ab7cdd70798489858f0"}
2026-01-24 04:21:49 [INFO] [ClientIdentityService:attachSession] validating client
2026-01-24 04:21:49 [WARN] [ClientIdentityService:checkRegisteration] client not found {}
2026-01-24 04:21:49 [WARN] [ClientIdentityService:attachSession] client invalid or not found, creating new client
2026-01-24 04:21:49 [INFO] [ClientIdentityService:attachSession] client created {"clientId":"69743acdcdd70798489858f3"}
2026-01-24 04:43:56 [INFO] [ClientIdentityService:attachSession] validating client
2026-01-24 04:43:56 [WARN] [ClientIdentityService:checkRegisteration] client not found {}
2026-01-24 04:43:56 [WARN] [ClientIdentityService:attachSession] client invalid or not found, creating new client
2026-01-24 04:43:56 [INFO] [ClientIdentityService:attachSession] client created {"clientId":"69743ffcaa42fa63a84f7224"}
2026-01-24 04:44:07 [INFO] [ClientIdentityService:attachSession] validating client
2026-01-24 04:44:07 [WARN] [ClientIdentityService:checkRegisteration] client not found {}
2026-01-24 04:44:07 [WARN] [ClientIdentityService:attachSession] client invalid or not found, creating new client
2026-01-24 04:44:07 [INFO] [ClientIdentityService:attachSession] client created {"clientId":"69744007aa42fa63a84f7227"}
2026-01-24 04:44:25 [INFO] [ClientIdentityService:attachSession] validating client
2026-01-24 04:44:25 [WARN] [ClientIdentityService:checkRegisteration] client not found {}
2026-01-24 04:44:25 [WARN] [ClientIdentityService:attachSession] client invalid or not found, creating new client
2026-01-24 04:44:25 [INFO] [ClientIdentityService:attachSession] client created {"clientId":"69744019aa42fa63a84f722a"}
2026-01-24 04:44:45 [INFO] [ClientIdentityService:attachSession] validating client
2026-01-24 04:44:45 [WARN] [ClientIdentityService:checkRegisteration] client not found {}
2026-01-24 04:44:45 [WARN] [ClientIdentityService:attachSession] client invalid or not found, creating new client
2026-01-24 04:44:45 [INFO] [ClientIdentityService:attachSession] client created {"clientId":"6974402daa42fa63a84f722d"}
2026-01-24 04:44:50 [INFO] [ClientIdentityService:attachSession] validating client
2026-01-24 04:44:50 [WARN] [ClientIdentityService:checkRegisteration] client not found {}
2026-01-24 04:44:50 [WARN] [ClientIdentityService:attachSession] client invalid or not found, creating new client
2026-01-24 04:44:50 [INFO] [ClientIdentityService:attachSession] client created {"clientId":"69744032aa42fa63a84f7230"}
2026-01-24 04:45:11 [INFO] [ClientIdentityService:attachSession] validating client
2026-01-24 04:45:11 [WARN] [ClientIdentityService:checkRegisteration] client not found {}
2026-01-24 04:45:11 [WARN] [ClientIdentityService:attachSession] client invalid or not found, creating new client
2026-01-24 04:45:11 [INFO] [ClientIdentityService:attachSession] client created {"clientId":"69744047aa42fa63a84f7233"}
2026-01-24 04:45:17 [INFO] [ClientIdentityService:attachSession] validating client
2026-01-24 04:45:17 [WARN] [ClientIdentityService:checkRegisteration] client not found {}
2026-01-24 04:45:17 [WARN] [ClientIdentityService:attachSession] client invalid or not found, creating new client
2026-01-24 04:45:17 [INFO] [ClientIdentityService:attachSession] client created {"clientId":"6974404daa42fa63a84f7236"}
2026-01-24 04:45:23 [INFO] [ClientIdentityService:attachSession] validating client
2026-01-24 04:45:23 [WARN] [ClientIdentityService:checkRegisteration] client not found {}
2026-01-24 04:45:23 [WARN] [ClientIdentityService:attachSession] client invalid or not found, creating new client
2026-01-24 04:45:23 [INFO] [ClientIdentityService:attachSession] client created {"clientId":"69744053aa42fa63a84f7239"}
2026-01-24 04:46:07 [INFO] [ClientIdentityService:attachSession] validating client
2026-01-24 04:46:07 [WARN] [ClientIdentityService:checkRegisteration] client not found {}
2026-01-24 04:46:07 [WARN] [ClientIdentityService:attachSession] client invalid or not found, creating new client
2026-01-24 04:46:07 [INFO] [ClientIdentityService:attachSession] client created {"clientId":"6974407f8481b0f0166abe44"}
2026-01-24 04:46:31 [INFO] [ClientIdentityService:attachSession] validating client
2026-01-24 04:46:31 [WARN] [ClientIdentityService:checkRegisteration] client not found {}
2026-01-24 04:46:31 [WARN] [ClientIdentityService:attachSession] client invalid or not found, creating new client
2026-01-24 04:46:31 [INFO] [ClientIdentityService:attachSession] client created {"clientId":"697440978481b0f0166abe47"}
2026-01-24 04:46:56 [INFO] [ClientIdentityService:attachSession] validating client
2026-01-24 04:46:56 [WARN] [ClientIdentityService:checkRegisteration] client not found {}
2026-01-24 04:46:56 [WARN] [ClientIdentityService:attachSession] client invalid or not found, creating new client
2026-01-24 04:46:56 [INFO] [ClientIdentityService:attachSession] client created {"clientId":"697440b08481b0f0166abe4a"}
2026-01-24 04:47:11 [INFO] [ClientIdentityService:attachSession] validating client
2026-01-24 04:47:11 [WARN] [ClientIdentityService:checkRegisteration] client not found {}
2026-01-24 04:47:11 [WARN] [ClientIdentityService:attachSession] client invalid or not found, creating new client
2026-01-24 04:47:11 [INFO] [ClientIdentityService:attachSession] client created {"clientId":"697440bf8481b0f0166abe4d"}
2026-01-24 04:47:32 [INFO] [ClientIdentityService:attachSession] validating client
2026-01-24 04:47:32 [WARN] [ClientIdentityService:checkRegisteration] client not found {}
2026-01-24 04:47:32 [WARN] [ClientIdentityService:attachSession] client invalid or not found, creating new client
2026-01-24 04:47:32 [INFO] [ClientIdentityService:attachSession] client created {"clientId":"697440d48481b0f0166abe50"}
2026-01-24 04:47:54 [INFO] [ClientIdentityService:attachSession] validating client
2026-01-24 04:47:54 [WARN] [ClientIdentityService:checkRegisteration] client not found {}
2026-01-24 04:47:54 [WARN] [ClientIdentityService:attachSession] client invalid or not found, creating new client
2026-01-24 04:47:54 [INFO] [ClientIdentityService:attachSession] client created {"clientId":"697440ea8481b0f0166abe53"}
2026-01-24 04:48:18 [INFO] [ClientIdentityService:attachSession] validating client
2026-01-24 04:48:18 [WARN] [ClientIdentityService:checkRegisteration] client not found {}
2026-01-24 04:48:18 [WARN] [ClientIdentityService:attachSession] client invalid or not found, creating new client
2026-01-24 04:48:18 [INFO] [ClientIdentityService:attachSession] client created {"clientId":"697441028481b0f0166abe56"}
2026-01-24 04:48:42 [INFO] [ClientIdentityService:attachSession] validating client
2026-01-24 04:48:42 [WARN] [ClientIdentityService:checkRegisteration] client not found {}
2026-01-24 04:48:42 [WARN] [ClientIdentityService:attachSession] client invalid or not found, creating new client
2026-01-24 04:48:42 [INFO] [ClientIdentityService:attachSession] client created {"clientId":"6974411a8481b0f0166abe59"}
2026-01-24 04:48:46 [INFO] [ClientIdentityService:attachSession] validating client
2026-01-24 04:48:46 [WARN] [ClientIdentityService:checkRegisteration] client not found {}
2026-01-24 04:48:46 [WARN] [ClientIdentityService:attachSession] client invalid or not found, creating new client
2026-01-24 04:48:46 [INFO] [ClientIdentityService:attachSession] client created {"clientId":"6974411e8481b0f0166abe5c"}
2026-01-24 04:49:07 [INFO] [ClientIdentityService:attachSession] validating client
2026-01-24 04:49:07 [WARN] [ClientIdentityService:checkRegisteration] client not found {}
2026-01-24 04:49:07 [WARN] [ClientIdentityService:attachSession] client invalid or not found, creating new client
2026-01-24 04:49:07 [INFO] [ClientIdentityService:attachSession] client created {"clientId":"697441338481b0f0166abe5f"}
2026-01-24 04:49:23 [INFO] [ClientIdentityService:attachSession] validating client
2026-01-24 04:49:23 [WARN] [ClientIdentityService:checkRegisteration] client not found {}
2026-01-24 04:49:23 [WARN] [ClientIdentityService:attachSession] client invalid or not found, creating new client
2026-01-24 04:49:23 [INFO] [ClientIdentityService:attachSession] client created {"clientId":"697441437d0ecb1165b2e68f"}
2026-01-24 04:49:44 [INFO] [ClientIdentityService:attachSession] validating client
2026-01-24 04:49:44 [WARN] [ClientIdentityService:checkRegisteration] client not found {}
2026-01-24 04:49:44 [WARN] [ClientIdentityService:attachSession] client invalid or not found, creating new client
2026-01-24 04:49:44 [INFO] [ClientIdentityService:attachSession] client created {"clientId":"697441587d0ecb1165b2e692"}
2026-01-24 04:50:04 [INFO] [ClientIdentityService:attachSession] validating client
2026-01-24 04:50:04 [WARN] [ClientIdentityService:checkRegisteration] client not found {}
2026-01-24 04:50:04 [WARN] [ClientIdentityService:attachSession] client invalid or not found, creating new client
2026-01-24 04:50:04 [INFO] [ClientIdentityService:attachSession] client created {"clientId":"6974416c1cbb634c94018708"}
2026-01-24 04:50:25 [INFO] [ClientIdentityService:attachSession] validating client
2026-01-24 04:50:25 [WARN] [ClientIdentityService:checkRegisteration] client not found {}
2026-01-24 04:50:25 [WARN] [ClientIdentityService:attachSession] client invalid or not found, creating new client
2026-01-24 04:50:25 [INFO] [ClientIdentityService:attachSession] client created {"clientId":"697441811cbb634c9401870b"}
2026-01-24 04:50:48 [INFO] [ClientIdentityService:attachSession] validating client
2026-01-24 04:50:48 [WARN] [ClientIdentityService:checkRegisteration] client not found {}
2026-01-24 04:50:48 [WARN] [ClientIdentityService:attachSession] client invalid or not found, creating new client
2026-01-24 04:50:48 [INFO] [ClientIdentityService:attachSession] client created {"clientId":"69744198083f1d4b1ad8f6d0"}
2026-01-24 04:51:13 [INFO] [ClientIdentityService:attachSession] validating client
2026-01-24 04:51:13 [WARN] [ClientIdentityService:checkRegisteration] client not found {}
2026-01-24 04:51:13 [WARN] [ClientIdentityService:attachSession] client invalid or not found, creating new client
2026-01-24 04:51:13 [INFO] [ClientIdentityService:attachSession] client created {"clientId":"697441b1083f1d4b1ad8f6d3"}
2026-01-24 04:51:40 [INFO] [ClientIdentityService:attachSession] validating client
2026-01-24 04:51:40 [WARN] [ClientIdentityService:checkRegisteration] client not found {}
2026-01-24 04:51:40 [WARN] [ClientIdentityService:attachSession] client invalid or not found, creating new client
2026-01-24 04:51:40 [INFO] [ClientIdentityService:attachSession] client created {"clientId":"697441cc083f1d4b1ad8f6d6"}
2026-01-24 04:52:40 [INFO] [ClientIdentityService:attachSession] validating client
2026-01-24 04:52:40 [WARN] [ClientIdentityService:checkRegisteration] client not found {}
2026-01-24 04:52:40 [WARN] [ClientIdentityService:attachSession] client invalid or not found, creating new client
2026-01-24 04:52:40 [INFO] [ClientIdentityService:attachSession] client created {"clientId":"69744208083f1d4b1ad8f6d9"}
2026-01-24 04:53:00 [INFO] [ClientIdentityService:attachSession] validating client
2026-01-24 04:53:00 [WARN] [ClientIdentityService:checkRegisteration] client not found {}
2026-01-24 04:53:00 [WARN] [ClientIdentityService:attachSession] client invalid or not found, creating new client
2026-01-24 04:53:00 [INFO] [ClientIdentityService:attachSession] client created {"clientId":"6974421c083f1d4b1ad8f6dc"}
2026-01-24 04:53:07 [INFO] [ClientIdentityService:attachSession] validating client
2026-01-24 04:53:07 [WARN] [ClientIdentityService:checkRegisteration] client not found {}
2026-01-24 04:53:07 [WARN] [ClientIdentityService:attachSession] client invalid or not found, creating new client
2026-01-24 04:53:07 [INFO] [ClientIdentityService:attachSession] client created {"clientId":"69744223083f1d4b1ad8f6df"}
2026-01-24 04:53:22 [INFO] [ClientIdentityService:attachSession] validating client
2026-01-24 04:53:22 [WARN] [ClientIdentityService:checkRegisteration] client not found {}
2026-01-24 04:53:22 [WARN] [ClientIdentityService:attachSession] client invalid or not found, creating new client
2026-01-24 04:53:22 [INFO] [ClientIdentityService:attachSession] client created {"clientId":"69744232083f1d4b1ad8f6e2"}
2026-01-24 04:53:34 [INFO] [ClientIdentityService:attachSession] validating client
2026-01-24 04:53:34 [WARN] [ClientIdentityService:checkRegisteration] client not found {}
2026-01-24 04:53:34 [WARN] [ClientIdentityService:attachSession] client invalid or not found, creating new client
2026-01-24 04:53:34 [INFO] [ClientIdentityService:attachSession] client created {"clientId":"6974423e083f1d4b1ad8f6e5"}
2026-01-24 04:53:46 [INFO] [ClientIdentityService:attachSession] validating client
2026-01-24 04:53:46 [WARN] [ClientIdentityService:checkRegisteration] client not found {}
2026-01-24 04:53:46 [WARN] [ClientIdentityService:attachSession] client invalid or not found, creating new client
2026-01-24 04:53:46 [INFO] [ClientIdentityService:attachSession] client created {"clientId":"6974424a083f1d4b1ad8f6e8"}
2026-01-24 04:54:01 [INFO] [ClientIdentityService:attachSession] validating client
2026-01-24 04:54:01 [WARN] [ClientIdentityService:checkRegisteration] client not found {}
2026-01-24 04:54:01 [WARN] [ClientIdentityService:attachSession] client invalid or not found, creating new client
2026-01-24 04:54:01 [INFO] [ClientIdentityService:attachSession] client created {"clientId":"69744259083f1d4b1ad8f6eb"}
2026-01-24 04:54:54 [INFO] [ClientIdentityService:attachSession] validating client
2026-01-24 04:54:54 [WARN] [ClientIdentityService:checkRegisteration] client not found {}
2026-01-24 04:54:54 [WARN] [ClientIdentityService:attachSession] client invalid or not found, creating new client
2026-01-24 04:54:54 [INFO] [ClientIdentityService:attachSession] client created {"clientId":"6974428e083f1d4b1ad8f6ee"}
2026-01-24 04:55:54 [INFO] [ClientIdentityService:attachSession] validating client
2026-01-24 04:55:54 [WARN] [ClientIdentityService:checkRegisteration] client not found {}
2026-01-24 04:55:54 [WARN] [ClientIdentityService:attachSession] client invalid or not found, creating new client
2026-01-24 04:55:54 [INFO] [ClientIdentityService:attachSession] client created {"clientId":"697442ca083f1d4b1ad8f6f1"}
2026-01-24 04:56:11 [INFO] [ClientIdentityService:attachSession] validating client
2026-01-24 04:56:11 [WARN] [ClientIdentityService:checkRegisteration] client not found {}
2026-01-24 04:56:11 [WARN] [ClientIdentityService:attachSession] client invalid or not found, creating new client
2026-01-24 04:56:11 [INFO] [ClientIdentityService:attachSession] client created {"clientId":"697442db083f1d4b1ad8f6f4"}
2026-01-24 04:56:33 [INFO] [ClientIdentityService:attachSession] validating client
2026-01-24 04:56:33 [WARN] [ClientIdentityService:checkRegisteration] client not found {}
2026-01-24 04:56:33 [WARN] [ClientIdentityService:attachSession] client invalid or not found, creating new client
2026-01-24 04:56:33 [INFO] [ClientIdentityService:attachSession] client created {"clientId":"697442f1083f1d4b1ad8f6f7"}
2026-01-24 04:56:56 [INFO] [ClientIdentityService:attachSession] validating client
2026-01-24 04:56:56 [WARN] [ClientIdentityService:checkRegisteration] client not found {}
2026-01-24 04:56:56 [WARN] [ClientIdentityService:attachSession] client invalid or not found, creating new client
2026-01-24 04:56:56 [INFO] [ClientIdentityService:attachSession] client created {"clientId":"69744308083f1d4b1ad8f6fa"}
2026-01-24 04:57:21 [INFO] [ClientIdentityService:attachSession] validating client
2026-01-24 04:57:21 [WARN] [ClientIdentityService:checkRegisteration] client not found {}
2026-01-24 04:57:21 [WARN] [ClientIdentityService:attachSession] client invalid or not found, creating new client
2026-01-24 04:57:21 [INFO] [ClientIdentityService:attachSession] client created {"clientId":"69744321083f1d4b1ad8f6fd"}
2026-01-24 04:58:54 [INFO] [ClientIdentityService:attachSession] validating client
2026-01-24 04:58:54 [WARN] [ClientIdentityService:checkRegisteration] client not found {}
2026-01-24 04:58:54 [WARN] [ClientIdentityService:attachSession] client invalid or not found, creating new client
2026-01-24 04:58:54 [INFO] [ClientIdentityService:attachSession] client created {"clientId":"6974437e083f1d4b1ad8f700"}
2026-01-24 05:00:11 [INFO] [ClientIdentityService:attachSession] validating client
2026-01-24 05:00:11 [WARN] [ClientIdentityService:checkRegisteration] client not found {}
2026-01-24 05:00:11 [WARN] [ClientIdentityService:attachSession] client invalid or not found, creating new client
2026-01-24 05:00:11 [INFO] [ClientIdentityService:attachSession] client created {"clientId":"697443cbcf0493ff1e727323"}
2026-01-24 05:00:24 [INFO] [ClientIdentityService:attachSession] validating client
2026-01-24 05:00:24 [WARN] [ClientIdentityService:checkRegisteration] client not found {}
2026-01-24 05:00:24 [WARN] [ClientIdentityService:attachSession] client invalid or not found, creating new client
2026-01-24 05:00:24 [INFO] [ClientIdentityService:attachSession] client created {"clientId":"697443d8fab0e9a7a6df9524"}
2026-01-24 05:00:44 [INFO] [ClientIdentityService:attachSession] validating client
2026-01-24 05:00:44 [WARN] [ClientIdentityService:checkRegisteration] client not found {}
2026-01-24 05:00:44 [WARN] [ClientIdentityService:attachSession] client invalid or not found, creating new client
2026-01-24 05:00:44 [INFO] [ClientIdentityService:attachSession] client created {"clientId":"697443ecfab0e9a7a6df9527"}
2026-01-24 05:00:52 [INFO] [ClientIdentityService:attachSession] validating client
2026-01-24 05:00:52 [WARN] [ClientIdentityService:checkRegisteration] client not found {}
2026-01-24 05:00:52 [WARN] [ClientIdentityService:attachSession] client invalid or not found, creating new client
2026-01-24 05:00:52 [INFO] [ClientIdentityService:attachSession] client created {"clientId":"697443f4fab0e9a7a6df952a"}
2026-01-24 05:01:03 [INFO] [ClientIdentityService:attachSession] validating client
2026-01-24 05:01:03 [WARN] [ClientIdentityService:checkRegisteration] client not found {}
2026-01-24 05:01:03 [WARN] [ClientIdentityService:attachSession] client invalid or not found, creating new client
2026-01-24 05:01:03 [INFO] [ClientIdentityService:attachSession] client created {"clientId":"697443fffab0e9a7a6df952d"}
2026-01-24 05:01:46 [INFO] [ClientIdentityService:attachSession] validating client
2026-01-24 05:01:46 [WARN] [ClientIdentityService:checkRegisteration] client not found {}
2026-01-24 05:01:46 [WARN] [ClientIdentityService:attachSession] client invalid or not found, creating new client
2026-01-24 05:01:46 [INFO] [ClientIdentityService:attachSession] client created {"clientId":"6974442a0b2a039cfa2152b8"}
2026-01-24 05:01:53 [INFO] [ClientIdentityService:attachSession] validating client
2026-01-24 05:01:53 [ERROR] [ClientIdentityService:attachSession] error during client attachment ReferenceError: url is not defined
    at attachSession (C:\Users\hp\Desktop\Projects\@hola\hola-server\apps\hola-client\session\createClientIdentityService.tsx:87:38)
    at attachSession (C:\Users\hp\Desktop\Projects\@hola\hola-server\apps\hola-client\session\createClientIdentityService.tsx:78:38)
2026-01-24 05:01:55 [INFO] [ClientIdentityService:attachSession] validating client
2026-01-24 05:01:55 [ERROR] [ClientIdentityService:attachSession] error during client attachment ReferenceError: url is not defined
    at attachSession (C:\Users\hp\Desktop\Projects\@hola\hola-server\apps\hola-client\session\createClientIdentityService.tsx:87:38)
    at attachSession (C:\Users\hp\Desktop\Projects\@hola\hola-server\apps\hola-client\session\createClientIdentityService.tsx:78:38)
2026-01-24 05:01:58 [INFO] [ClientIdentityService:attachSession] validating client
2026-01-24 05:01:58 [ERROR] [ClientIdentityService:attachSession] error during client attachment ReferenceError: url is not defined
    at attachSession (C:\Users\hp\Desktop\Projects\@hola\hola-server\apps\hola-client\session\createClientIdentityService.tsx:87:38)
    at attachSession (C:\Users\hp\Desktop\Projects\@hola\hola-server\apps\hola-client\session\createClientIdentityService.tsx:78:38)
2026-01-24 05:02:01 [INFO] [ClientIdentityService:attachSession] validating client
2026-01-24 05:02:01 [ERROR] [ClientIdentityService:attachSession] error during client attachment ReferenceError: url is not defined
    at attachSession (C:\Users\hp\Desktop\Projects\@hola\hola-server\apps\hola-client\session\createClientIdentityService.tsx:87:38)
    at attachSession (C:\Users\hp\Desktop\Projects\@hola\hola-server\apps\hola-client\session\createClientIdentityService.tsx:78:38)
2026-01-24 05:02:04 [INFO] [ClientIdentityService:attachSession] validating client
2026-01-24 05:02:04 [WARN] [ClientIdentityService:checkRegisteration] client not found {}
2026-01-24 05:02:04 [WARN] [ClientIdentityService:attachSession] client invalid or not found, creating new client
2026-01-24 05:02:04 [INFO] [ClientIdentityService:attachSession] client created {"clientId":"6974443c98e36d835109b832"}
2026-01-24 05:02:18 [INFO] [ClientIdentityService:attachSession] validating client
2026-01-24 05:02:18 [WARN] [ClientIdentityService:checkRegisteration] client not found {}
2026-01-24 05:02:18 [WARN] [ClientIdentityService:attachSession] client invalid or not found, creating new client
2026-01-24 05:02:19 [INFO] [ClientIdentityService:attachSession] client created {"clientId":"6974444bde6a1bdd4dd3358a"}
2026-01-24 05:02:26 [INFO] [ClientIdentityService:attachSession] validating client
2026-01-24 05:02:26 [WARN] [ClientIdentityService:checkRegisteration] client not found {}
2026-01-24 05:02:26 [WARN] [ClientIdentityService:attachSession] client invalid or not found, creating new client
2026-01-24 05:02:26 [INFO] [ClientIdentityService:attachSession] client created {"clientId":"69744452de6a1bdd4dd3358d"}
2026-01-24 05:02:48 [INFO] [ClientIdentityService:attachSession] validating client
2026-01-24 05:02:48 [WARN] [ClientIdentityService:checkRegisteration] client not found {}
2026-01-24 05:02:48 [WARN] [ClientIdentityService:attachSession] client invalid or not found, creating new client
2026-01-24 05:02:48 [INFO] [ClientIdentityService:attachSession] client created {"clientId":"69744468de6a1bdd4dd33590"}
2026-01-24 05:03:10 [INFO] [ClientIdentityService:attachSession] validating client
2026-01-24 05:03:10 [WARN] [ClientIdentityService:checkRegisteration] client not found {}
2026-01-24 05:03:10 [WARN] [ClientIdentityService:attachSession] client invalid or not found, creating new client
2026-01-24 05:03:10 [INFO] [ClientIdentityService:attachSession] client created {"clientId":"6974447ede6a1bdd4dd33593"}
2026-01-24 08:58:46 [INFO] [ClientIdentityService:attachSession] validating client
2026-01-24 08:58:46 [WARN] [ClientIdentityService:checkRegisteration] client not found {}
2026-01-24 08:58:46 [WARN] [ClientIdentityService:attachSession] client invalid or not found, creating new client
2026-01-24 08:58:46 [INFO] [ClientIdentityService:attachSession] client created {"clientId":"69747bb63b5041bb20c2e780"}
2026-01-24 08:59:05 [INFO] [ClientIdentityService:attachSession] validating client
2026-01-24 08:59:05 [WARN] [ClientIdentityService:checkRegisteration] client not found {}
2026-01-24 08:59:05 [WARN] [ClientIdentityService:attachSession] client invalid or not found, creating new client
2026-01-24 08:59:05 [INFO] [ClientIdentityService:attachSession] client created {"clientId":"69747bc93b5041bb20c2e783"}
2026-01-24 08:59:26 [INFO] [ClientIdentityService:attachSession] validating client
2026-01-24 08:59:26 [WARN] [ClientIdentityService:checkRegisteration] client not found {}
2026-01-24 08:59:26 [WARN] [ClientIdentityService:attachSession] client invalid or not found, creating new client
2026-01-24 08:59:26 [INFO] [ClientIdentityService:attachSession] client created {"clientId":"69747bde3b5041bb20c2e786"}
2026-01-24 08:59:48 [INFO] [ClientIdentityService:attachSession] validating client
2026-01-24 08:59:48 [WARN] [ClientIdentityService:checkRegisteration] client not found {}
2026-01-24 08:59:48 [WARN] [ClientIdentityService:attachSession] client invalid or not found, creating new client
2026-01-24 08:59:49 [INFO] [ClientIdentityService:attachSession] client created {"clientId":"69747bf53b5041bb20c2e789"}
2026-01-24 09:00:04 [INFO] [ClientIdentityService:attachSession] validating client
2026-01-24 09:00:04 [WARN] [ClientIdentityService:checkRegisteration] client not found {}
2026-01-24 09:00:04 [WARN] [ClientIdentityService:attachSession] client invalid or not found, creating new client
2026-01-24 09:00:04 [INFO] [ClientIdentityService:attachSession] client created {"clientId":"69747c043b5041bb20c2e78c"}
2026-01-24 09:00:25 [INFO] [ClientIdentityService:attachSession] validating client
2026-01-24 09:00:25 [WARN] [ClientIdentityService:checkRegisteration] client not found {}
2026-01-24 09:00:25 [WARN] [ClientIdentityService:attachSession] client invalid or not found, creating new client
2026-01-24 09:00:25 [INFO] [ClientIdentityService:attachSession] client created {"clientId":"69747c193b5041bb20c2e78f"}
2026-01-24 09:00:48 [INFO] [ClientIdentityService:attachSession] validating client
2026-01-24 09:00:48 [WARN] [ClientIdentityService:checkRegisteration] client not found {}
2026-01-24 09:00:48 [WARN] [ClientIdentityService:attachSession] client invalid or not found, creating new client
2026-01-24 09:00:48 [INFO] [ClientIdentityService:attachSession] client created {"clientId":"69747c303b5041bb20c2e792"}
2026-01-24 09:01:12 [INFO] [ClientIdentityService:attachSession] validating client
2026-01-24 09:01:12 [WARN] [ClientIdentityService:checkRegisteration] client not found {}
2026-01-24 09:01:12 [WARN] [ClientIdentityService:attachSession] client invalid or not found, creating new client
2026-01-24 09:01:12 [INFO] [ClientIdentityService:attachSession] client created {"clientId":"69747c483b5041bb20c2e795"}
2026-01-24 09:01:36 [INFO] [ClientIdentityService:attachSession] validating client
2026-01-24 09:01:36 [WARN] [ClientIdentityService:checkRegisteration] client not found {}
2026-01-24 09:01:36 [WARN] [ClientIdentityService:attachSession] client invalid or not found, creating new client
2026-01-24 09:01:36 [INFO] [ClientIdentityService:attachSession] client created {"clientId":"69747c603b5041bb20c2e798"}
2026-01-24 09:02:01 [INFO] [ClientIdentityService:attachSession] validating client
2026-01-24 09:02:01 [WARN] [ClientIdentityService:checkRegisteration] client not found {}
2026-01-24 09:02:01 [WARN] [ClientIdentityService:attachSession] client invalid or not found, creating new client
2026-01-24 09:02:01 [INFO] [ClientIdentityService:attachSession] client created {"clientId":"69747c793b5041bb20c2e79b"}
2026-01-24 09:02:26 [INFO] [ClientIdentityService:attachSession] validating client
2026-01-24 09:02:26 [WARN] [ClientIdentityService:checkRegisteration] client not found {}
2026-01-24 09:02:26 [WARN] [ClientIdentityService:attachSession] client invalid or not found, creating new client
2026-01-24 09:02:26 [INFO] [ClientIdentityService:attachSession] client created {"clientId":"69747c923b5041bb20c2e79e"}
2026-01-24 09:02:51 [INFO] [ClientIdentityService:attachSession] validating client
2026-01-24 09:02:51 [WARN] [ClientIdentityService:checkRegisteration] client not found {}
2026-01-24 09:02:51 [WARN] [ClientIdentityService:attachSession] client invalid or not found, creating new client
2026-01-24 09:02:52 [INFO] [ClientIdentityService:attachSession] client created {"clientId":"69747cac3b5041bb20c2e7a1"}
2026-01-24 09:03:16 [INFO] [ClientIdentityService:attachSession] validating client
2026-01-24 09:03:16 [WARN] [ClientIdentityService:checkRegisteration] client not found {}
2026-01-24 09:03:16 [WARN] [ClientIdentityService:attachSession] client invalid or not found, creating new client
2026-01-24 09:03:17 [INFO] [ClientIdentityService:attachSession] client created {"clientId":"69747cc53b5041bb20c2e7a4"}
2026-01-24 09:03:41 [INFO] [ClientIdentityService:attachSession] validating client
2026-01-24 09:03:41 [WARN] [ClientIdentityService:checkRegisteration] client not found {}
2026-01-24 09:03:41 [WARN] [ClientIdentityService:attachSession] client invalid or not found, creating new client
2026-01-24 09:03:42 [INFO] [ClientIdentityService:attachSession] client created {"clientId":"69747cde3b5041bb20c2e7a7"}
2026-01-24 09:04:07 [INFO] [ClientIdentityService:attachSession] validating client
2026-01-24 09:04:07 [WARN] [ClientIdentityService:checkRegisteration] client not found {}
2026-01-24 09:04:07 [WARN] [ClientIdentityService:attachSession] client invalid or not found, creating new client
2026-01-24 09:04:07 [INFO] [ClientIdentityService:attachSession] client created {"clientId":"69747cf73b5041bb20c2e7aa"}
2026-01-24 09:04:32 [INFO] [ClientIdentityService:attachSession] validating client
2026-01-24 09:04:32 [WARN] [ClientIdentityService:checkRegisteration] client not found {}
2026-01-24 09:04:32 [WARN] [ClientIdentityService:attachSession] client invalid or not found, creating new client
2026-01-24 09:04:32 [INFO] [ClientIdentityService:attachSession] client created {"clientId":"69747d103b5041bb20c2e7ad"}
2026-01-24 09:04:57 [INFO] [ClientIdentityService:attachSession] validating client
2026-01-24 09:04:57 [WARN] [ClientIdentityService:checkRegisteration] client not found {}
2026-01-24 09:04:57 [WARN] [ClientIdentityService:attachSession] client invalid or not found, creating new client
2026-01-24 09:04:57 [INFO] [ClientIdentityService:attachSession] client created {"clientId":"69747d293b5041bb20c2e7b0"}
2026-01-24 09:05:22 [INFO] [ClientIdentityService:attachSession] validating client
2026-01-24 09:05:22 [WARN] [ClientIdentityService:checkRegisteration] client not found {}
2026-01-24 09:05:22 [WARN] [ClientIdentityService:attachSession] client invalid or not found, creating new client
2026-01-24 09:05:22 [INFO] [ClientIdentityService:attachSession] client created {"clientId":"69747d423b5041bb20c2e7b3"}
2026-01-24 09:05:47 [INFO] [ClientIdentityService:attachSession] validating client
2026-01-24 09:05:47 [WARN] [ClientIdentityService:checkRegisteration] client not found {}
2026-01-24 09:05:47 [WARN] [ClientIdentityService:attachSession] client invalid or not found, creating new client
2026-01-24 09:05:47 [INFO] [ClientIdentityService:attachSession] client created {"clientId":"69747d5b3b5041bb20c2e7b6"}
2026-01-24 09:06:12 [INFO] [ClientIdentityService:attachSession] validating client
2026-01-24 09:06:12 [WARN] [ClientIdentityService:checkRegisteration] client not found {}
2026-01-24 09:06:12 [WARN] [ClientIdentityService:attachSession] client invalid or not found, creating new client
2026-01-24 09:06:12 [INFO] [ClientIdentityService:attachSession] client created {"clientId":"69747d743b5041bb20c2e7b9"}
2026-01-24 09:06:37 [INFO] [ClientIdentityService:attachSession] validating client
2026-01-24 09:06:37 [WARN] [ClientIdentityService:checkRegisteration] client not found {}
2026-01-24 09:06:37 [WARN] [ClientIdentityService:attachSession] client invalid or not found, creating new client
2026-01-24 09:06:37 [INFO] [ClientIdentityService:attachSession] client created {"clientId":"69747d8d3b5041bb20c2e7bc"}
2026-01-24 09:07:02 [INFO] [ClientIdentityService:attachSession] validating client
2026-01-24 09:07:02 [WARN] [ClientIdentityService:checkRegisteration] client not found {}
2026-01-24 09:07:02 [WARN] [ClientIdentityService:attachSession] client invalid or not found, creating new client
2026-01-24 09:07:02 [INFO] [ClientIdentityService:attachSession] client created {"clientId":"69747da63b5041bb20c2e7bf"}
2026-01-24 09:07:27 [INFO] [ClientIdentityService:attachSession] validating client
2026-01-24 09:07:27 [WARN] [ClientIdentityService:checkRegisteration] client not found {}
2026-01-24 09:07:27 [WARN] [ClientIdentityService:attachSession] client invalid or not found, creating new client
2026-01-24 09:07:27 [INFO] [ClientIdentityService:attachSession] client created {"clientId":"69747dbf3b5041bb20c2e7c2"}
2026-01-24 09:07:52 [INFO] [ClientIdentityService:attachSession] validating client
2026-01-24 09:07:52 [WARN] [ClientIdentityService:checkRegisteration] client not found {}
2026-01-24 09:07:52 [WARN] [ClientIdentityService:attachSession] client invalid or not found, creating new client
2026-01-24 09:07:52 [INFO] [ClientIdentityService:attachSession] client created {"clientId":"69747dd83b5041bb20c2e7c5"}
2026-01-24 09:08:17 [INFO] [ClientIdentityService:attachSession] validating client
2026-01-24 09:08:17 [WARN] [ClientIdentityService:checkRegisteration] client not found {}
2026-01-24 09:08:17 [WARN] [ClientIdentityService:attachSession] client invalid or not found, creating new client
2026-01-24 09:08:17 [INFO] [ClientIdentityService:attachSession] client created {"clientId":"69747df13b5041bb20c2e7c8"}
2026-01-24 09:08:42 [INFO] [ClientIdentityService:attachSession] validating client
2026-01-24 09:08:42 [WARN] [ClientIdentityService:checkRegisteration] client not found {}
2026-01-24 09:08:42 [WARN] [ClientIdentityService:attachSession] client invalid or not found, creating new client
2026-01-24 09:08:42 [INFO] [ClientIdentityService:attachSession] client created {"clientId":"69747e0a3b5041bb20c2e7cb"}
2026-01-24 09:09:07 [INFO] [ClientIdentityService:attachSession] validating client
2026-01-24 09:09:07 [WARN] [ClientIdentityService:checkRegisteration] client not found {}
2026-01-24 09:09:07 [WARN] [ClientIdentityService:attachSession] client invalid or not found, creating new client
2026-01-24 09:09:07 [INFO] [ClientIdentityService:attachSession] client created {"clientId":"69747e233b5041bb20c2e7ce"}
2026-01-24 09:09:32 [INFO] [ClientIdentityService:attachSession] validating client
2026-01-24 09:09:32 [WARN] [ClientIdentityService:checkRegisteration] client not found {}
2026-01-24 09:09:32 [WARN] [ClientIdentityService:attachSession] client invalid or not found, creating new client
2026-01-24 09:09:32 [INFO] [ClientIdentityService:attachSession] client created {"clientId":"69747e3c3b5041bb20c2e7d1"}
2026-01-24 09:09:57 [INFO] [ClientIdentityService:attachSession] validating client
2026-01-24 09:09:57 [WARN] [ClientIdentityService:checkRegisteration] client not found {}
2026-01-24 09:09:57 [WARN] [ClientIdentityService:attachSession] client invalid or not found, creating new client
2026-01-24 09:09:57 [INFO] [ClientIdentityService:attachSession] client created {"clientId":"69747e553b5041bb20c2e7d4"}
2026-01-24 09:10:39 [INFO] [ClientIdentityService:attachSession] validating client
2026-01-24 09:10:39 [WARN] [ClientIdentityService:checkRegisteration] client not found {}
2026-01-24 09:10:39 [WARN] [ClientIdentityService:attachSession] client invalid or not found, creating new client
2026-01-24 09:10:40 [INFO] [ClientIdentityService:attachSession] client created {"clientId":"69747e80c4b20b9ed99f25aa"}
2026-01-24 09:11:01 [INFO] [ClientIdentityService:attachSession] validating client
2026-01-24 09:11:01 [WARN] [ClientIdentityService:checkRegisteration] client not found {}
2026-01-24 09:11:01 [WARN] [ClientIdentityService:attachSession] client invalid or not found, creating new client
2026-01-24 09:11:01 [INFO] [ClientIdentityService:attachSession] client created {"clientId":"69747e95c4b20b9ed99f25ac"}
2026-01-24 09:11:22 [INFO] [ClientIdentityService:attachSession] validating client
2026-01-24 09:11:22 [WARN] [ClientIdentityService:checkRegisteration] client not found {}
2026-01-24 09:11:22 [WARN] [ClientIdentityService:attachSession] client invalid or not found, creating new client
2026-01-24 09:11:22 [INFO] [ClientIdentityService:attachSession] client created {"clientId":"69747eaac4b20b9ed99f25ae"}
2026-01-24 09:11:46 [INFO] [ClientIdentityService:attachSession] validating client
2026-01-24 09:11:46 [WARN] [ClientIdentityService:checkRegisteration] client not found {}
2026-01-24 09:11:46 [WARN] [ClientIdentityService:attachSession] client invalid or not found, creating new client
2026-01-24 09:11:46 [INFO] [ClientIdentityService:attachSession] client created {"clientId":"69747ec2c4b20b9ed99f25b0"}
2026-01-24 09:12:11 [INFO] [ClientIdentityService:attachSession] validating client
2026-01-24 09:12:11 [WARN] [ClientIdentityService:checkRegisteration] client not found {}
2026-01-24 09:12:11 [WARN] [ClientIdentityService:attachSession] client invalid or not found, creating new client
2026-01-24 09:12:11 [INFO] [ClientIdentityService:attachSession] client created {"clientId":"69747edbc4b20b9ed99f25b2"}
2026-01-24 09:12:36 [INFO] [ClientIdentityService:attachSession] validating client
2026-01-24 09:12:36 [WARN] [ClientIdentityService:checkRegisteration] client not found {}
2026-01-24 09:12:36 [WARN] [ClientIdentityService:attachSession] client invalid or not found, creating new client
2026-01-24 09:12:36 [INFO] [ClientIdentityService:attachSession] client created {"clientId":"69747ef4c4b20b9ed99f25b4"}
2026-01-24 09:13:01 [INFO] [ClientIdentityService:attachSession] validating client
2026-01-24 09:13:01 [WARN] [ClientIdentityService:checkRegisteration] client not found {}
2026-01-24 09:13:01 [WARN] [ClientIdentityService:attachSession] client invalid or not found, creating new client
2026-01-24 09:13:01 [INFO] [ClientIdentityService:attachSession] client created {"clientId":"69747f0d5bf10e121eb36607"}
2026-01-24 09:13:26 [INFO] [ClientIdentityService:attachSession] validating client
2026-01-24 09:13:26 [WARN] [ClientIdentityService:checkRegisteration] client not found {}
2026-01-24 09:13:26 [WARN] [ClientIdentityService:attachSession] client invalid or not found, creating new client
2026-01-24 09:13:26 [INFO] [ClientIdentityService:attachSession] client created {"clientId":"69747f265bf10e121eb36609"}
2026-01-24 09:13:51 [INFO] [ClientIdentityService:attachSession] validating client
2026-01-24 09:13:51 [INFO] [ClientIdentityService:checkRegisteration] client found {}
2026-01-24 09:13:51 [WARN] [ClientIdentityService:attachSession] client invalid or not found, creating new client
2026-01-24 09:13:51 [INFO] [ClientIdentityService:attachSession] client created {"clientId":"69747f3f4f262c165fbdd3a2"}
2026-01-24 09:14:16 [INFO] [ClientIdentityService:attachSession] validating client
2026-01-24 09:14:16 [INFO] [ClientIdentityService:checkRegisteration] client found {}
2026-01-24 09:14:16 [WARN] [ClientIdentityService:attachSession] client invalid or not found, creating new client
2026-01-24 09:14:16 [INFO] [ClientIdentityService:attachSession] client created {"clientId":"69747f584f262c165fbdd3a6"}
2026-01-24 09:14:41 [INFO] [ClientIdentityService:attachSession] validating client
2026-01-24 09:14:41 [INFO] [ClientIdentityService:checkRegisteration] client found {}
2026-01-24 09:14:41 [WARN] [ClientIdentityService:attachSession] client invalid or not found, creating new client
2026-01-24 09:14:41 [INFO] [ClientIdentityService:attachSession] client created {"clientId":"69747f714f262c165fbdd3aa"}
2026-01-24 09:15:06 [INFO] [ClientIdentityService:attachSession] validating client
2026-01-24 09:15:06 [INFO] [ClientIdentityService:checkRegisteration] client found {}
2026-01-24 09:15:06 [WARN] [ClientIdentityService:attachSession] client invalid or not found, creating new client
2026-01-24 09:15:06 [INFO] [ClientIdentityService:attachSession] client created {"clientId":"69747f8a4f262c165fbdd3ae"}
2026-01-24 09:15:31 [INFO] [ClientIdentityService:attachSession] validating client
2026-01-24 09:15:31 [INFO] [ClientIdentityService:checkRegisteration] client found {}
2026-01-24 09:15:31 [WARN] [ClientIdentityService:attachSession] client invalid or not found, creating new client
2026-01-24 09:15:31 [INFO] [ClientIdentityService:attachSession] client created {"clientId":"69747fa34f262c165fbdd3b2"}
2026-01-24 09:15:56 [INFO] [ClientIdentityService:attachSession] validating client
2026-01-24 09:15:56 [INFO] [ClientIdentityService:checkRegisteration] client found {}
2026-01-24 09:15:56 [INFO] [ClientIdentityService:attachSession] client validated {}
2026-01-24 09:16:02 [INFO] [ClientIdentityService:attachSession] validating client
2026-01-24 09:16:02 [INFO] [ClientIdentityService:checkRegisteration] client found {}
2026-01-24 09:16:02 [INFO] [ClientIdentityService:attachSession] client validated {}
2026-01-24 09:16:07 [INFO] [ClientIdentityService:attachSession] validating client
2026-01-24 09:16:07 [INFO] [ClientIdentityService:checkRegisteration] client found {}
2026-01-24 09:16:07 [INFO] [ClientIdentityService:attachSession] client validated {}
2026-01-24 09:16:13 [INFO] [ClientIdentityService:attachSession] validating client
2026-01-24 09:16:13 [INFO] [ClientIdentityService:checkRegisteration] client found {}
2026-01-24 09:16:13 [INFO] [ClientIdentityService:attachSession] client validated {}
2026-01-24 09:16:19 [INFO] [ClientIdentityService:attachSession] validating client
2026-01-24 09:16:19 [INFO] [ClientIdentityService:checkRegisteration] client found {}
2026-01-24 09:16:19 [INFO] [ClientIdentityService:attachSession] client validated {}
2026-01-24 09:16:24 [INFO] [ClientIdentityService:attachSession] validating client
2026-01-24 09:16:24 [INFO] [ClientIdentityService:checkRegisteration] client found {}
2026-01-24 09:16:24 [INFO] [ClientIdentityService:attachSession] client validated {}
2026-01-24 09:16:30 [INFO] [ClientIdentityService:attachSession] validating client
2026-01-24 09:16:30 [INFO] [ClientIdentityService:checkRegisteration] client found {}
2026-01-24 09:16:30 [INFO] [ClientIdentityService:attachSession] client validated {}
2026-01-24 09:16:36 [INFO] [ClientIdentityService:attachSession] validating client
2026-01-24 09:16:36 [INFO] [ClientIdentityService:checkRegisteration] client found {}
2026-01-24 09:16:36 [INFO] [ClientIdentityService:attachSession] client validated {}
2026-01-24 09:16:42 [INFO] [ClientIdentityService:attachSession] validating client
2026-01-24 09:16:42 [INFO] [ClientIdentityService:checkRegisteration] client found {}
2026-01-24 09:16:43 [INFO] [ClientIdentityService:attachSession] client validated {}
2026-01-24 09:16:53 [INFO] [ClientIdentityService:attachSession] validating client
2026-01-24 09:16:53 [INFO] [ClientIdentityService:checkRegisteration] client found {}
2026-01-24 09:16:53 [INFO] [ClientIdentityService:attachSession] client validated {}
2026-01-24 09:17:03 [INFO] [ClientIdentityService:attachSession] validating client
2026-01-24 09:17:03 [INFO] [ClientIdentityService:checkRegisteration] client found {}
2026-01-24 09:17:03 [INFO] [ClientIdentityService:attachSession] client validated {}
2026-01-24 09:17:09 [INFO] [ClientIdentityService:attachSession] validating client
2026-01-24 09:17:09 [INFO] [ClientIdentityService:checkRegisteration] client found {}
2026-01-24 09:17:09 [INFO] [ClientIdentityService:attachSession] client validated {}
2026-01-24 09:17:15 [INFO] [ClientIdentityService:attachSession] validating client
2026-01-24 09:17:15 [INFO] [ClientIdentityService:checkRegisteration] client found {}
2026-01-24 09:17:15 [INFO] [ClientIdentityService:attachSession] client validated {}
2026-01-24 09:17:20 [INFO] [ClientIdentityService:attachSession] validating client
2026-01-24 09:17:20 [INFO] [ClientIdentityService:checkRegisteration] client found {}
2026-01-24 09:17:20 [INFO] [ClientIdentityService:attachSession] client validated {}
2026-01-24 09:17:26 [INFO] [ClientIdentityService:attachSession] validating client
2026-01-24 09:17:26 [INFO] [ClientIdentityService:checkRegisteration] client found {}
2026-01-24 09:17:26 [INFO] [ClientIdentityService:attachSession] client validated {}
2026-01-24 09:17:31 [INFO] [ClientIdentityService:attachSession] validating client
2026-01-24 09:17:31 [INFO] [ClientIdentityService:checkRegisteration] client found {}
2026-01-24 09:17:31 [INFO] [ClientIdentityService:attachSession] client validated {}
2026-01-24 09:17:37 [INFO] [ClientIdentityService:attachSession] validating client
2026-01-24 09:17:37 [INFO] [ClientIdentityService:checkRegisteration] client found {}
2026-01-24 09:17:37 [INFO] [ClientIdentityService:attachSession] client validated {}
2026-01-24 09:17:43 [INFO] [ClientIdentityService:attachSession] validating client
2026-01-24 09:17:43 [INFO] [ClientIdentityService:checkRegisteration] client found {}
2026-01-24 09:17:43 [INFO] [ClientIdentityService:attachSession] client validated {}
2026-01-24 09:17:48 [INFO] [ClientIdentityService:attachSession] validating client
2026-01-24 09:17:48 [INFO] [ClientIdentityService:checkRegisteration] client found {}
2026-01-24 09:17:48 [INFO] [ClientIdentityService:attachSession] client validated {}
2026-01-24 09:17:54 [INFO] [ClientIdentityService:attachSession] validating client
2026-01-24 09:17:54 [INFO] [ClientIdentityService:checkRegisteration] client found {}
2026-01-24 09:17:54 [INFO] [ClientIdentityService:attachSession] client validated {}
2026-01-24 09:17:59 [INFO] [ClientIdentityService:attachSession] validating client
2026-01-24 09:17:59 [INFO] [ClientIdentityService:checkRegisteration] client found {}
2026-01-24 09:17:59 [INFO] [ClientIdentityService:attachSession] client validated {}
2026-01-24 09:18:05 [INFO] [ClientIdentityService:attachSession] validating client
2026-01-24 09:18:05 [INFO] [ClientIdentityService:checkRegisteration] client found {}
2026-01-24 09:18:05 [INFO] [ClientIdentityService:attachSession] client validated {}
2026-01-24 09:18:11 [INFO] [ClientIdentityService:attachSession] validating client
2026-01-24 09:18:11 [INFO] [ClientIdentityService:checkRegisteration] client found {}
2026-01-24 09:18:11 [INFO] [ClientIdentityService:attachSession] client validated {}
2026-01-24 09:18:16 [INFO] [ClientIdentityService:attachSession] validating client
2026-01-24 09:18:16 [INFO] [ClientIdentityService:checkRegisteration] client found {}
2026-01-24 09:18:16 [INFO] [ClientIdentityService:attachSession] client validated {}
2026-01-24 09:18:22 [INFO] [ClientIdentityService:attachSession] validating client
2026-01-24 09:18:22 [INFO] [ClientIdentityService:checkRegisteration] client found {}
2026-01-24 09:18:22 [INFO] [ClientIdentityService:attachSession] client found {"registeredClient":[]}
2026-01-24 09:18:22 [INFO] [ClientIdentityService:attachSession] client validated {}
2026-01-24 09:18:29 [INFO] [ClientIdentityService:attachSession] validating client
2026-01-24 09:18:29 [INFO] [ClientIdentityService:checkRegisteration] client found {}
2026-01-24 09:18:29 [INFO] [ClientIdentityService:attachSession] client found {"registeredClient":[]}
2026-01-24 09:18:29 [INFO] [ClientIdentityService:attachSession] client validated {}
2026-01-24 09:18:36 [INFO] [ClientIdentityService:attachSession] validating client
2026-01-24 09:18:36 [INFO] [ClientIdentityService:checkRegisteration] client found {}
2026-01-24 09:18:36 [INFO] [ClientIdentityService:attachSession] client found {"registeredClient":[]}
2026-01-24 09:18:36 [INFO] [ClientIdentityService:attachSession] client validated {}
2026-01-24 09:18:43 [INFO] [ClientIdentityService:attachSession] validating client
2026-01-24 09:18:43 [INFO] [ClientIdentityService:checkRegisteration] client found {}
2026-01-24 09:18:43 [INFO] [ClientIdentityService:attachSession] client found {"registeredClient":[]}
2026-01-24 09:18:43 [INFO] [ClientIdentityService:attachSession] client validated {}
2026-01-24 09:18:51 [INFO] [ClientIdentityService:attachSession] validating client
2026-01-24 09:18:51 [INFO] [ClientIdentityService:checkRegisteration] client found {}
2026-01-24 09:18:51 [INFO] [ClientIdentityService:attachSession] client found {"registeredClient":[]}
2026-01-24 09:18:51 [INFO] [ClientIdentityService:attachSession] client validated {}
2026-01-24 09:19:00 [INFO] [ClientIdentityService:attachSession] validating client
2026-01-24 09:19:00 [WARN] [ClientIdentityService:checkRegisteration] client not found {}
2026-01-24 09:19:00 [INFO] [ClientIdentityService:attachSession] client found {"registeredClient":null}
2026-01-24 09:19:00 [WARN] [ClientIdentityService:attachSession] client invalid or not found, creating new client
2026-01-24 09:19:00 [INFO] [ClientIdentityService:attachSession] client created {"clientId":"69748074f21e33955bcdd12e"}
2026-01-24 09:19:27 [INFO] [ClientIdentityService:attachSession] validating client
2026-01-24 09:19:27 [INFO] [ClientIdentityService:checkRegisteration] client found {}
2026-01-24 09:19:27 [INFO] [ClientIdentityService:attachSession] client found {"registeredClient":{"_id":"69748074f21e33955bcdd12e","visitorId":"69743ffcaa42fa63a84f7222","__v":0}}
2026-01-24 09:19:27 [INFO] [ClientIdentityService:attachSession] client validated {}
2026-01-24 09:19:28 [INFO] [ClientIdentityService:attachSession] validating client
2026-01-24 09:19:28 [INFO] [ClientIdentityService:checkRegisteration] client found {}
2026-01-24 09:19:28 [INFO] [ClientIdentityService:attachSession] client found {"registeredClient":{"_id":"69748074f21e33955bcdd12e","visitorId":"69743ffcaa42fa63a84f7222","__v":0}}
2026-01-24 09:19:28 [INFO] [ClientIdentityService:attachSession] client validated {}
2026-01-24 09:19:31 [INFO] [ClientIdentityService:attachSession] validating client
2026-01-24 09:19:31 [INFO] [ClientIdentityService:checkRegisteration] client found {}
2026-01-24 09:19:31 [INFO] [ClientIdentityService:attachSession] client found {"registeredClient":{"_id":"69748074f21e33955bcdd12e","visitorId":"69743ffcaa42fa63a84f7222","__v":0}}
2026-01-24 09:19:31 [INFO] [ClientIdentityService:attachSession] client validated {}
2026-01-24 09:19:34 [INFO] [ClientIdentityService:attachSession] validating client
2026-01-24 09:19:34 [INFO] [ClientIdentityService:checkRegisteration] client found {}
2026-01-24 09:19:34 [INFO] [ClientIdentityService:attachSession] client found {"registeredClient":{"_id":"69748074f21e33955bcdd12e","visitorId":"69743ffcaa42fa63a84f7222","__v":0}}
2026-01-24 09:19:34 [INFO] [ClientIdentityService:attachSession] client validated {}
2026-01-24 09:19:39 [INFO] [ClientIdentityService:attachSession] validating client
2026-01-24 09:19:39 [INFO] [ClientIdentityService:checkRegisteration] client found {}
2026-01-24 09:19:39 [INFO] [ClientIdentityService:attachSession] client found {"registeredClient":{"_id":"69748074f21e33955bcdd12e","visitorId":"69743ffcaa42fa63a84f7222","__v":0}}
2026-01-24 09:19:39 [INFO] [ClientIdentityService:attachSession] client validated {}
2026-01-24 09:19:45 [INFO] [ClientIdentityService:attachSession] validating client
2026-01-24 09:19:45 [INFO] [ClientIdentityService:checkRegisteration] client found {}
2026-01-24 09:19:45 [INFO] [ClientIdentityService:attachSession] client found {"registeredClient":{"_id":"69748074f21e33955bcdd12e","visitorId":"69743ffcaa42fa63a84f7222","__v":0}}
2026-01-24 09:19:45 [INFO] [ClientIdentityService:attachSession] client validated {}
2026-01-24 09:19:50 [INFO] [ClientIdentityService:attachSession] validating client
2026-01-24 09:19:50 [INFO] [ClientIdentityService:checkRegisteration] client found {}
2026-01-24 09:19:50 [INFO] [ClientIdentityService:attachSession] client found {"registeredClient":{"_id":"69748074f21e33955bcdd12e","visitorId":"69743ffcaa42fa63a84f7222","__v":0}}
2026-01-24 09:19:50 [INFO] [ClientIdentityService:attachSession] client validated {}
2026-01-24 09:19:56 [INFO] [ClientIdentityService:attachSession] validating client
2026-01-24 09:19:56 [INFO] [ClientIdentityService:checkRegisteration] client found {}
2026-01-24 09:19:56 [INFO] [ClientIdentityService:attachSession] client found {"registeredClient":{"_id":"69748074f21e33955bcdd12e","visitorId":"69743ffcaa42fa63a84f7222","__v":0}}
2026-01-24 09:19:56 [INFO] [ClientIdentityService:attachSession] client validated {}
2026-01-24 09:20:01 [INFO] [ClientIdentityService:attachSession] validating client
2026-01-24 09:20:01 [INFO] [ClientIdentityService:checkRegisteration] client found {}
2026-01-24 09:20:01 [INFO] [ClientIdentityService:attachSession] client found {"registeredClient":{"_id":"69748074f21e33955bcdd12e","visitorId":"69743ffcaa42fa63a84f7222","__v":0}}
2026-01-24 09:20:01 [INFO] [ClientIdentityService:attachSession] client validated {}
2026-01-24 09:20:07 [INFO] [ClientIdentityService:attachSession] validating client
2026-01-24 09:20:07 [INFO] [ClientIdentityService:checkRegisteration] client found {}
2026-01-24 09:20:07 [INFO] [ClientIdentityService:attachSession] client found {"registeredClient":{"_id":"69748074f21e33955bcdd12e","visitorId":"69743ffcaa42fa63a84f7222","__v":0}}
2026-01-24 09:20:07 [INFO] [ClientIdentityService:attachSession] client validated {}
2026-01-24 09:20:11 [INFO] [ClientIdentityService:attachSession] validating client
2026-01-24 09:20:11 [INFO] [ClientIdentityService:checkRegisteration] client found {}
2026-01-24 09:20:11 [INFO] [ClientIdentityService:attachSession] client found {"registeredClient":{"_id":"69748074f21e33955bcdd12e","visitorId":"69743ffcaa42fa63a84f7222","__v":0}}
2026-01-24 09:20:11 [INFO] [ClientIdentityService:attachSession] client validated {}
2026-01-24 09:20:13 [INFO] [ClientIdentityService:attachSession] validating client
2026-01-24 09:20:13 [INFO] [ClientIdentityService:checkRegisteration] client found {}
2026-01-24 09:20:13 [INFO] [ClientIdentityService:attachSession] client found {"registeredClient":{"_id":"69748074f21e33955bcdd12e","visitorId":"69743ffcaa42fa63a84f7222","__v":0}}
2026-01-24 09:20:13 [INFO] [ClientIdentityService:attachSession] client validated {}
2026-01-24 09:20:16 [INFO] [ClientIdentityService:attachSession] validating client
2026-01-24 09:20:16 [INFO] [ClientIdentityService:checkRegisteration] client found {}
2026-01-24 09:20:16 [INFO] [ClientIdentityService:attachSession] client found {"registeredClient":{"_id":"69748074f21e33955bcdd12e","visitorId":"69743ffcaa42fa63a84f7222","__v":0}}
2026-01-24 09:20:16 [INFO] [ClientIdentityService:attachSession] client validated {}
2026-01-24 09:20:21 [INFO] [ClientIdentityService:attachSession] validating client
2026-01-24 09:20:21 [INFO] [ClientIdentityService:checkRegisteration] client found {}
2026-01-24 09:20:21 [INFO] [ClientIdentityService:attachSession] client found {"registeredClient":{"_id":"69748074f21e33955bcdd12e","visitorId":"69743ffcaa42fa63a84f7222","__v":0}}
2026-01-24 09:20:21 [INFO] [ClientIdentityService:attachSession] client validated {}
2026-01-24 09:20:27 [INFO] [ClientIdentityService:attachSession] validating client
2026-01-24 09:20:27 [INFO] [ClientIdentityService:checkRegisteration] client found {}
2026-01-24 09:20:27 [INFO] [ClientIdentityService:attachSession] client found {"registeredClient":{"_id":"69748074f21e33955bcdd12e","visitorId":"69743ffcaa42fa63a84f7222","__v":0}}
2026-01-24 09:20:27 [INFO] [ClientIdentityService:attachSession] client validated {}
2026-01-24 09:20:32 [INFO] [ClientIdentityService:attachSession] validating client
2026-01-24 09:20:32 [INFO] [ClientIdentityService:checkRegisteration] client found {}
2026-01-24 09:20:32 [INFO] [ClientIdentityService:attachSession] client found {"registeredClient":{"_id":"69748074f21e33955bcdd12e","visitorId":"69743ffcaa42fa63a84f7222","__v":0}}
2026-01-24 09:20:32 [INFO] [ClientIdentityService:attachSession] client validated {}
2026-01-24 09:20:38 [INFO] [ClientIdentityService:attachSession] validating client
2026-01-24 09:20:38 [INFO] [ClientIdentityService:checkRegisteration] client found {}
2026-01-24 09:20:38 [INFO] [ClientIdentityService:attachSession] client found {"registeredClient":{"_id":"69748074f21e33955bcdd12e","visitorId":"69743ffcaa42fa63a84f7222","__v":0}}
2026-01-24 09:20:38 [INFO] [ClientIdentityService:attachSession] client validated {}
2026-01-24 09:20:44 [INFO] [ClientIdentityService:attachSession] validating client
2026-01-24 09:20:44 [INFO] [ClientIdentityService:checkRegisteration] client found {}
2026-01-24 09:20:44 [INFO] [ClientIdentityService:attachSession] client found {"registeredClient":{"_id":"69748074f21e33955bcdd12e","visitorId":"69743ffcaa42fa63a84f7222","__v":0}}
2026-01-24 09:20:44 [INFO] [ClientIdentityService:attachSession] client validated {}
2026-01-24 09:20:49 [INFO] [ClientIdentityService:attachSession] validating client
2026-01-24 09:20:49 [INFO] [ClientIdentityService:checkRegisteration] client found {}
2026-01-24 09:20:49 [INFO] [ClientIdentityService:attachSession] client found {"registeredClient":{"_id":"69748074f21e33955bcdd12e","visitorId":"69743ffcaa42fa63a84f7222","__v":0}}
2026-01-24 09:20:49 [INFO] [ClientIdentityService:attachSession] client validated {}
2026-01-24 09:20:55 [INFO] [ClientIdentityService:attachSession] validating client
2026-01-24 09:20:55 [INFO] [ClientIdentityService:checkRegisteration] client found {}
2026-01-24 09:20:55 [INFO] [ClientIdentityService:attachSession] client found {"registeredClient":{"_id":"69748074f21e33955bcdd12e","visitorId":"69743ffcaa42fa63a84f7222","__v":0}}
2026-01-24 09:20:55 [INFO] [ClientIdentityService:attachSession] client validated {}
2026-01-24 09:21:00 [INFO] [ClientIdentityService:attachSession] validating client
2026-01-24 09:21:00 [INFO] [ClientIdentityService:checkRegisteration] client found {}
2026-01-24 09:21:00 [INFO] [ClientIdentityService:attachSession] client found {"registeredClient":{"_id":"69748074f21e33955bcdd12e","visitorId":"69743ffcaa42fa63a84f7222","__v":0}}
2026-01-24 09:21:00 [INFO] [ClientIdentityService:attachSession] client validated {}
2026-01-24 09:21:06 [INFO] [ClientIdentityService:attachSession] validating client
2026-01-24 09:21:06 [INFO] [ClientIdentityService:checkRegisteration] client found {}
2026-01-24 09:21:06 [INFO] [ClientIdentityService:attachSession] client found {"registeredClient":{"_id":"69748074f21e33955bcdd12e","visitorId":"69743ffcaa42fa63a84f7222","__v":0}}
2026-01-24 09:21:06 [INFO] [ClientIdentityService:attachSession] client validated {}
2026-01-24 09:21:12 [INFO] [ClientIdentityService:attachSession] validating client
2026-01-24 09:21:12 [INFO] [ClientIdentityService:checkRegisteration] client found {}
2026-01-24 09:21:12 [INFO] [ClientIdentityService:attachSession] client found {"registeredClient":{"_id":"69748074f21e33955bcdd12e","visitorId":"69743ffcaa42fa63a84f7222","__v":0}}
2026-01-24 09:21:12 [INFO] [ClientIdentityService:attachSession] client validated {}
2026-01-24 09:21:17 [INFO] [ClientIdentityService:attachSession] validating client
2026-01-24 09:21:17 [INFO] [ClientIdentityService:checkRegisteration] client found {}
2026-01-24 09:21:17 [INFO] [ClientIdentityService:attachSession] client found {"registeredClient":{"_id":"69748074f21e33955bcdd12e","visitorId":"69743ffcaa42fa63a84f7222","__v":0}}
2026-01-24 09:21:17 [INFO] [ClientIdentityService:attachSession] client validated {}
2026-01-24 09:21:23 [INFO] [ClientIdentityService:attachSession] validating client
2026-01-24 09:21:23 [INFO] [ClientIdentityService:checkRegisteration] client found {}
2026-01-24 09:21:23 [INFO] [ClientIdentityService:attachSession] client found {"registeredClient":{"_id":"69748074f21e33955bcdd12e","visitorId":"69743ffcaa42fa63a84f7222","__v":0}}
2026-01-24 09:21:23 [INFO] [ClientIdentityService:attachSession] client validated {}
2026-01-24 09:21:28 [INFO] [ClientIdentityService:attachSession] validating client
2026-01-24 09:21:28 [INFO] [ClientIdentityService:checkRegisteration] client found {}
2026-01-24 09:21:28 [INFO] [ClientIdentityService:attachSession] client found {"registeredClient":{"_id":"69748074f21e33955bcdd12e","visitorId":"69743ffcaa42fa63a84f7222","__v":0}}
2026-01-24 09:21:28 [INFO] [ClientIdentityService:attachSession] client validated {}
2026-01-24 09:21:34 [INFO] [ClientIdentityService:attachSession] validating client
2026-01-24 09:21:34 [INFO] [ClientIdentityService:checkRegisteration] client found {}
2026-01-24 09:21:34 [INFO] [ClientIdentityService:attachSession] client found {"registeredClient":{"_id":"69748074f21e33955bcdd12e","visitorId":"69743ffcaa42fa63a84f7222","__v":0}}
2026-01-24 09:21:34 [INFO] [ClientIdentityService:attachSession] client validated {}
2026-01-24 09:21:40 [INFO] [ClientIdentityService:attachSession] validating client
2026-01-24 09:21:40 [INFO] [ClientIdentityService:checkRegisteration] client found {}
2026-01-24 09:21:40 [INFO] [ClientIdentityService:attachSession] client found {"registeredClient":{"_id":"69748074f21e33955bcdd12e","visitorId":"69743ffcaa42fa63a84f7222","__v":0}}
2026-01-24 09:21:40 [INFO] [ClientIdentityService:attachSession] client validated {}
2026-01-24 09:21:45 [INFO] [ClientIdentityService:attachSession] validating client
2026-01-24 09:21:45 [INFO] [ClientIdentityService:checkRegisteration] client found {}
2026-01-24 09:21:45 [INFO] [ClientIdentityService:attachSession] client found {"registeredClient":{"_id":"69748074f21e33955bcdd12e","visitorId":"69743ffcaa42fa63a84f7222","__v":0}}
2026-01-24 09:21:45 [INFO] [ClientIdentityService:attachSession] client validated {"clientId":"69748074f21e33955bcdd12e"}
2026-01-24 09:21:51 [INFO] [ClientIdentityService:attachSession] validating client
2026-01-24 09:21:51 [INFO] [ClientIdentityService:checkRegisteration] client found {}
2026-01-24 09:21:51 [INFO] [ClientIdentityService:attachSession] client found {"registeredClient":{"_id":"69748074f21e33955bcdd12e","visitorId":"69743ffcaa42fa63a84f7222","__v":0}}
2026-01-24 09:21:51 [INFO] [ClientIdentityService:attachSession] client validated {"clientId":"69748074f21e33955bcdd12e"}
2026-01-24 09:21:56 [INFO] [ClientIdentityService:attachSession] validating client
2026-01-24 09:21:56 [INFO] [ClientIdentityService:checkRegisteration] client found {}
2026-01-24 09:21:56 [INFO] [ClientIdentityService:attachSession] client found {"registeredClient":{"_id":"69748074f21e33955bcdd12e","visitorId":"69743ffcaa42fa63a84f7222","__v":0}}
2026-01-24 09:21:56 [INFO] [ClientIdentityService:attachSession] client validated {"clientId":"69748074f21e33955bcdd12e"}
2026-01-24 09:22:02 [INFO] [ClientIdentityService:attachSession] validating client
2026-01-24 09:22:02 [INFO] [ClientIdentityService:checkRegisteration] client found {}
2026-01-24 09:22:02 [INFO] [ClientIdentityService:attachSession] client found {"registeredClient":{"_id":"69748074f21e33955bcdd12e","visitorId":"69743ffcaa42fa63a84f7222","__v":0}}
2026-01-24 09:22:02 [INFO] [ClientIdentityService:attachSession] client validated {"clientId":"69748074f21e33955bcdd12e"}
2026-01-24 09:22:08 [INFO] [ClientIdentityService:attachSession] validating client
2026-01-24 09:22:08 [INFO] [ClientIdentityService:checkRegisteration] client found {}
2026-01-24 09:22:08 [INFO] [ClientIdentityService:attachSession] client found {"registeredClient":{"_id":"69748074f21e33955bcdd12e","visitorId":"69743ffcaa42fa63a84f7222","__v":0}}
2026-01-24 09:22:08 [INFO] [ClientIdentityService:attachSession] client validated {"clientId":"69748074f21e33955bcdd12e"}
2026-01-24 09:22:13 [INFO] [ClientIdentityService:attachSession] validating client
2026-01-24 09:22:13 [INFO] [ClientIdentityService:checkRegisteration] client found {}
2026-01-24 09:22:13 [INFO] [ClientIdentityService:attachSession] client found {"registeredClient":{"_id":"69748074f21e33955bcdd12e","visitorId":"69743ffcaa42fa63a84f7222","__v":0}}
2026-01-24 09:22:13 [INFO] [ClientIdentityService:attachSession] client validated {"clientId":"69748074f21e33955bcdd12e"}
2026-01-24 09:22:19 [INFO] [ClientIdentityService:attachSession] validating client
2026-01-24 09:22:19 [INFO] [ClientIdentityService:checkRegisteration] client found {}
2026-01-24 09:22:19 [INFO] [ClientIdentityService:attachSession] client found {"registeredClient":{"_id":"69748074f21e33955bcdd12e","visitorId":"69743ffcaa42fa63a84f7222","__v":0}}
2026-01-24 09:22:19 [INFO] [ClientIdentityService:attachSession] client validated {"clientId":"69748074f21e33955bcdd12e"}
2026-01-24 09:22:24 [INFO] [ClientIdentityService:attachSession] validating client
2026-01-24 09:22:24 [INFO] [ClientIdentityService:checkRegisteration] client found {}
2026-01-24 09:22:24 [INFO] [ClientIdentityService:attachSession] client found {"registeredClient":{"_id":"69748074f21e33955bcdd12e","visitorId":"69743ffcaa42fa63a84f7222","__v":0}}
2026-01-24 09:22:24 [INFO] [ClientIdentityService:attachSession] client validated {"clientId":"69748074f21e33955bcdd12e"}
2026-01-24 09:22:30 [INFO] [ClientIdentityService:attachSession] validating client
2026-01-24 09:22:30 [INFO] [ClientIdentityService:checkRegisteration] client found {}
2026-01-24 09:22:30 [INFO] [ClientIdentityService:attachSession] client found {"registeredClient":{"_id":"69748074f21e33955bcdd12e","visitorId":"69743ffcaa42fa63a84f7222","__v":0}}
2026-01-24 09:22:30 [INFO] [ClientIdentityService:attachSession] client validated {"clientId":"69748074f21e33955bcdd12e"}
2026-01-24 09:22:36 [INFO] [ClientIdentityService:attachSession] validating client
2026-01-24 09:22:36 [INFO] [ClientIdentityService:checkRegisteration] client found {}
2026-01-24 09:22:36 [INFO] [ClientIdentityService:attachSession] client found {"registeredClient":{"_id":"69748074f21e33955bcdd12e","visitorId":"69743ffcaa42fa63a84f7222","__v":0}}
2026-01-24 09:22:36 [INFO] [ClientIdentityService:attachSession] client validated {"clientId":"69748074f21e33955bcdd12e"}
2026-01-24 09:22:41 [INFO] [ClientIdentityService:attachSession] validating client
2026-01-24 09:22:41 [INFO] [ClientIdentityService:checkRegisteration] client found {}
2026-01-24 09:22:41 [INFO] [ClientIdentityService:attachSession] client found {"registeredClient":{"_id":"69748074f21e33955bcdd12e","visitorId":"69743ffcaa42fa63a84f7222","__v":0}}
2026-01-24 09:22:41 [INFO] [ClientIdentityService:attachSession] client validated {"clientId":"69748074f21e33955bcdd12e"}
2026-01-24 09:22:47 [INFO] [ClientIdentityService:attachSession] validating client
2026-01-24 09:22:47 [INFO] [ClientIdentityService:checkRegisteration] client found {}
2026-01-24 09:22:47 [INFO] [ClientIdentityService:attachSession] client found {"registeredClient":{"_id":"69748074f21e33955bcdd12e","visitorId":"69743ffcaa42fa63a84f7222","__v":0}}
2026-01-24 09:22:47 [INFO] [ClientIdentityService:attachSession] client validated {"clientId":"69748074f21e33955bcdd12e"}
2026-01-24 09:22:53 [INFO] [ClientIdentityService:attachSession] validating client
2026-01-24 09:22:53 [INFO] [ClientIdentityService:checkRegisteration] client found {}
2026-01-24 09:22:53 [INFO] [ClientIdentityService:attachSession] client found {"registeredClient":{"_id":"69748074f21e33955bcdd12e","visitorId":"69743ffcaa42fa63a84f7222","__v":0}}
2026-01-24 09:22:53 [INFO] [ClientIdentityService:attachSession] client validated {"clientId":"69748074f21e33955bcdd12e"}
2026-01-24 09:22:58 [INFO] [ClientIdentityService:attachSession] validating client
2026-01-24 09:22:58 [INFO] [ClientIdentityService:checkRegisteration] client found {}
2026-01-24 09:22:58 [INFO] [ClientIdentityService:attachSession] client found {"registeredClient":{"_id":"69748074f21e33955bcdd12e","visitorId":"69743ffcaa42fa63a84f7222","__v":0}}
2026-01-24 09:22:58 [INFO] [ClientIdentityService:attachSession] client validated {"clientId":"69748074f21e33955bcdd12e"}
2026-01-24 09:23:04 [INFO] [ClientIdentityService:attachSession] validating client
2026-01-24 09:23:04 [INFO] [ClientIdentityService:checkRegisteration] client found {}
2026-01-24 09:23:04 [INFO] [ClientIdentityService:attachSession] client found {"registeredClient":{"_id":"69748074f21e33955bcdd12e","visitorId":"69743ffcaa42fa63a84f7222","__v":0}}
2026-01-24 09:23:04 [INFO] [ClientIdentityService:attachSession] client validated {"clientId":"69748074f21e33955bcdd12e"}
2026-01-24 09:23:09 [INFO] [ClientIdentityService:attachSession] validating client
2026-01-24 09:23:09 [INFO] [ClientIdentityService:checkRegisteration] client found {}
2026-01-24 09:23:09 [INFO] [ClientIdentityService:attachSession] client found {"registeredClient":"69748074f21e33955bcdd12e"}
2026-01-24 09:23:09 [INFO] [ClientIdentityService:attachSession] client validated {}
2026-01-24 09:23:15 [INFO] [ClientIdentityService:attachSession] validating client
2026-01-24 09:23:15 [INFO] [ClientIdentityService:checkRegisteration] client found {}
2026-01-24 09:23:15 [INFO] [ClientIdentityService:attachSession] client found {"registeredClient":"69748074f21e33955bcdd12e"}
2026-01-24 09:23:15 [INFO] [ClientIdentityService:attachSession] client validated {}
2026-01-24 09:23:21 [INFO] [ClientIdentityService:attachSession] validating client
2026-01-24 09:23:21 [INFO] [ClientIdentityService:checkRegisteration] client found {}
2026-01-24 09:23:21 [INFO] [ClientIdentityService:attachSession] client found {"registeredClient":"69748074f21e33955bcdd12e"}
2026-01-24 09:23:21 [INFO] [ClientIdentityService:attachSession] client validated {"clientId":"69748074f21e33955bcdd12e"}
2026-01-24 09:23:26 [INFO] [ClientIdentityService:attachSession] validating client
2026-01-24 09:23:26 [INFO] [ClientIdentityService:checkRegisteration] client found {}
2026-01-24 09:23:26 [INFO] [ClientIdentityService:attachSession] client found {"registeredClient":"69748074f21e33955bcdd12e"}
2026-01-24 09:23:26 [INFO] [ClientIdentityService:attachSession] client validated {"clientId":"69748074f21e33955bcdd12e"}
2026-01-24 09:23:32 [INFO] [ClientIdentityService:attachSession] validating client
2026-01-24 09:23:32 [INFO] [ClientIdentityService:checkRegisteration] client found {}
2026-01-24 09:23:32 [INFO] [ClientIdentityService:attachSession] client found {"registeredClient":"69748074f21e33955bcdd12e"}
2026-01-24 09:23:32 [INFO] [ClientIdentityService:attachSession] client validated {"clientId":"69748074f21e33955bcdd12e"}
2026-01-24 09:23:38 [INFO] [ClientIdentityService:attachSession] validating client
2026-01-24 09:23:38 [INFO] [ClientIdentityService:checkRegisteration] client found {}
2026-01-24 09:23:38 [INFO] [ClientIdentityService:attachSession] client found {"registeredClient":"69748074f21e33955bcdd12e"}
2026-01-24 09:23:38 [INFO] [ClientIdentityService:attachSession] client validated {"clientId":"69748074f21e33955bcdd12e"}
2026-01-24 09:23:43 [INFO] [ClientIdentityService:attachSession] validating client
2026-01-24 09:23:43 [INFO] [ClientIdentityService:checkRegisteration] client found {}
2026-01-24 09:23:43 [INFO] [ClientIdentityService:attachSession] client found {"registeredClient":"69748074f21e33955bcdd12e"}
2026-01-24 09:23:43 [INFO] [ClientIdentityService:attachSession] client validated {"clientId":"69748074f21e33955bcdd12e"}
2026-01-24 09:23:49 [INFO] [ClientIdentityService:attachSession] validating client
2026-01-24 09:23:49 [INFO] [ClientIdentityService:checkRegisteration] client found {}
2026-01-24 09:23:49 [INFO] [ClientIdentityService:attachSession] client found {"registeredClient":"69748074f21e33955bcdd12e"}
2026-01-24 09:23:49 [INFO] [ClientIdentityService:attachSession] client validated {"clientId":"69748074f21e33955bcdd12e"}
2026-01-24 09:23:54 [INFO] [ClientIdentityService:attachSession] validating client
2026-01-24 09:23:54 [INFO] [ClientIdentityService:checkRegisteration] client found {}
2026-01-24 09:23:54 [INFO] [ClientIdentityService:attachSession] client found {"registeredClient":"69748074f21e33955bcdd12e"}
2026-01-24 09:23:54 [INFO] [ClientIdentityService:attachSession] client validated {"clientId":"69748074f21e33955bcdd12e"}
2026-01-24 09:24:00 [INFO] [ClientIdentityService:attachSession] validating client
2026-01-24 09:24:00 [INFO] [ClientIdentityService:checkRegisteration] client found {}
2026-01-24 09:24:00 [INFO] [ClientIdentityService:attachSession] client found {"registeredClient":"69748074f21e33955bcdd12e"}
2026-01-24 09:24:00 [INFO] [ClientIdentityService:attachSession] client validated {"clientId":"69748074f21e33955bcdd12e"}
2026-01-24 09:24:06 [INFO] [ClientIdentityService:attachSession] validating client
2026-01-24 09:24:06 [INFO] [ClientIdentityService:checkRegisteration] client found {}
2026-01-24 09:24:06 [INFO] [ClientIdentityService:attachSession] client found {"registeredClient":"69748074f21e33955bcdd12e"}
2026-01-24 09:24:06 [INFO] [ClientIdentityService:attachSession] client validated {"clientId":"69748074f21e33955bcdd12e"}
2026-01-24 09:24:11 [INFO] [ClientIdentityService:attachSession] validating client
2026-01-24 09:24:11 [INFO] [ClientIdentityService:checkRegisteration] client found {}
2026-01-24 09:24:11 [INFO] [ClientIdentityService:attachSession] client found {"registeredClient":"69748074f21e33955bcdd12e"}
2026-01-24 09:24:11 [INFO] [ClientIdentityService:attachSession] client validated {"clientId":"69748074f21e33955bcdd12e"}
2026-01-24 09:24:17 [INFO] [ClientIdentityService:attachSession] validating client
2026-01-24 09:24:17 [INFO] [ClientIdentityService:checkRegisteration] client found {}
2026-01-24 09:24:17 [INFO] [ClientIdentityService:attachSession] client found {"registeredClient":"69748074f21e33955bcdd12e"}
2026-01-24 09:24:17 [INFO] [ClientIdentityService:attachSession] client validated {"clientId":"69748074f21e33955bcdd12e"}
2026-01-24 09:24:23 [INFO] [ClientIdentityService:attachSession] validating client
2026-01-24 09:24:23 [INFO] [ClientIdentityService:checkRegisteration] client found {}
2026-01-24 09:24:23 [INFO] [ClientIdentityService:attachSession] client found {"registeredClient":"69748074f21e33955bcdd12e"}
2026-01-24 09:24:23 [INFO] [ClientIdentityService:attachSession] client validated {"clientId":"69748074f21e33955bcdd12e"}
2026-01-24 09:24:29 [INFO] [ClientIdentityService:attachSession] validating client
2026-01-24 09:24:29 [INFO] [ClientIdentityService:checkRegisteration] client found {}
2026-01-24 09:24:29 [INFO] [ClientIdentityService:attachSession] client found {"registeredClient":"69748074f21e33955bcdd12e"}
2026-01-24 09:24:29 [INFO] [ClientIdentityService:attachSession] client validated {"clientId":"69748074f21e33955bcdd12e"}
2026-01-24 09:24:36 [INFO] [ClientIdentityService:attachSession] validating client
2026-01-24 09:24:36 [INFO] [ClientIdentityService:checkRegisteration] client found {}
2026-01-24 09:24:36 [INFO] [ClientIdentityService:attachSession] client found {"registeredClient":"69748074f21e33955bcdd12e"}
2026-01-24 09:24:36 [INFO] [ClientIdentityService:attachSession] client validated {"clientId":"69748074f21e33955bcdd12e"}
2026-01-24 09:24:45 [INFO] [ClientIdentityService:attachSession] validating client
2026-01-24 09:24:45 [INFO] [ClientIdentityService:checkRegisteration] client found {}
2026-01-24 09:24:45 [INFO] [ClientIdentityService:attachSession] client found {"registeredClient":"69748074f21e33955bcdd12e"}
2026-01-24 09:24:45 [INFO] [ClientIdentityService:attachSession] client validated {"clientId":"69748074f21e33955bcdd12e"}
2026-01-24 09:24:52 [INFO] [ClientIdentityService:attachSession] validating client
2026-01-24 09:24:52 [INFO] [ClientIdentityService:checkRegisteration] client found {}
2026-01-24 09:24:52 [INFO] [ClientIdentityService:attachSession] client found {"registeredClient":"69748074f21e33955bcdd12e"}
2026-01-24 09:24:52 [INFO] [ClientIdentityService:attachSession] client validated {"clientId":"69748074f21e33955bcdd12e"}
2026-01-24 09:25:00 [INFO] [ClientIdentityService:attachSession] validating client
2026-01-24 09:25:00 [INFO] [ClientIdentityService:checkRegisteration] client found {}
2026-01-24 09:25:00 [INFO] [ClientIdentityService:attachSession] client found {"registeredClient":"69748074f21e33955bcdd12e"}
2026-01-24 09:25:00 [INFO] [ClientIdentityService:attachSession] client validated {"clientId":"69748074f21e33955bcdd12e"}
2026-01-24 09:25:09 [INFO] [ClientIdentityService:attachSession] validating client
2026-01-24 09:25:09 [INFO] [ClientIdentityService:checkRegisteration] client found {}
2026-01-24 09:25:09 [INFO] [ClientIdentityService:attachSession] client found {"registeredClient":"69748074f21e33955bcdd12e"}
2026-01-24 09:25:09 [INFO] [ClientIdentityService:attachSession] client validated {"clientId":"69748074f21e33955bcdd12e"}
2026-01-24 09:25:18 [INFO] [ClientIdentityService:attachSession] validating client
2026-01-24 09:25:18 [INFO] [ClientIdentityService:checkRegisteration] client found {}
2026-01-24 09:25:18 [INFO] [ClientIdentityService:attachSession] client found {"registeredClient":"69748074f21e33955bcdd12e"}
2026-01-24 09:25:18 [INFO] [ClientIdentityService:attachSession] client validated {"clientId":"69748074f21e33955bcdd12e"}
2026-01-24 09:25:26 [INFO] [ClientIdentityService:attachSession] validating client
2026-01-24 09:25:26 [INFO] [ClientIdentityService:checkRegisteration] client found {}
2026-01-24 09:25:26 [INFO] [ClientIdentityService:attachSession] client found {"registeredClient":"69748074f21e33955bcdd12e"}
2026-01-24 09:25:26 [INFO] [ClientIdentityService:attachSession] client validated {"clientId":"69748074f21e33955bcdd12e"}
2026-01-24 09:25:36 [INFO] [ClientIdentityService:attachSession] validating client
2026-01-24 09:25:36 [INFO] [ClientIdentityService:checkRegisteration] client found {}
2026-01-24 09:25:36 [INFO] [ClientIdentityService:attachSession] client found {"registeredClient":"69748074f21e33955bcdd12e"}
2026-01-24 09:25:36 [INFO] [ClientIdentityService:attachSession] client validated {"clientId":"69748074f21e33955bcdd12e"}
2026-01-24 09:25:46 [INFO] [ClientIdentityService:attachSession] validating client
2026-01-24 09:25:46 [INFO] [ClientIdentityService:checkRegisteration] client found {}
2026-01-24 09:25:46 [INFO] [ClientIdentityService:attachSession] client found {"registeredClient":"69748074f21e33955bcdd12e"}
2026-01-24 09:25:46 [INFO] [ClientIdentityService:attachSession] client validated {"clientId":"69748074f21e33955bcdd12e"}
2026-01-24 09:25:55 [INFO] [ClientIdentityService:attachSession] validating client
2026-01-24 09:25:55 [INFO] [ClientIdentityService:checkRegisteration] client found {}
2026-01-24 09:25:55 [INFO] [ClientIdentityService:attachSession] client found {"registeredClient":"69748074f21e33955bcdd12e"}
2026-01-24 09:25:55 [INFO] [ClientIdentityService:attachSession] client validated {"clientId":"69748074f21e33955bcdd12e"}
2026-01-24 09:26:04 [INFO] [ClientIdentityService:attachSession] validating client
2026-01-24 09:26:04 [INFO] [ClientIdentityService:checkRegisteration] client found {}
2026-01-24 09:26:04 [INFO] [ClientIdentityService:attachSession] client found {"registeredClient":"69748074f21e33955bcdd12e"}
2026-01-24 09:26:04 [INFO] [ClientIdentityService:attachSession] client validated {"clientId":"69748074f21e33955bcdd12e"}
2026-01-24 09:26:14 [INFO] [ClientIdentityService:attachSession] validating client
2026-01-24 09:26:14 [INFO] [ClientIdentityService:checkRegisteration] client found {}
2026-01-24 09:26:14 [INFO] [ClientIdentityService:attachSession] client found {"registeredClient":"69748074f21e33955bcdd12e"}
2026-01-24 09:26:14 [INFO] [ClientIdentityService:attachSession] client validated {"clientId":"69748074f21e33955bcdd12e"}
2026-01-24 09:26:22 [INFO] [ClientIdentityService:attachSession] validating client
2026-01-24 09:26:22 [INFO] [ClientIdentityService:checkRegisteration] client found {}
2026-01-24 09:26:22 [INFO] [ClientIdentityService:attachSession] client found {"registeredClient":"69748074f21e33955bcdd12e"}
2026-01-24 09:26:22 [INFO] [ClientIdentityService:attachSession] client validated {"clientId":"69748074f21e33955bcdd12e"}
2026-01-24 09:26:32 [INFO] [ClientIdentityService:attachSession] validating client
2026-01-24 09:26:32 [INFO] [ClientIdentityService:checkRegisteration] client found {}
2026-01-24 09:26:32 [INFO] [ClientIdentityService:attachSession] client found {"registeredClient":"69748074f21e33955bcdd12e"}
2026-01-24 09:26:32 [INFO] [ClientIdentityService:attachSession] client validated {"clientId":"69748074f21e33955bcdd12e"}
2026-01-24 09:26:40 [INFO] [ClientIdentityService:attachSession] validating client
2026-01-24 09:26:40 [INFO] [ClientIdentityService:checkRegisteration] client found {}
2026-01-24 09:26:40 [INFO] [ClientIdentityService:attachSession] client found {"registeredClient":"69748074f21e33955bcdd12e"}
2026-01-24 09:26:40 [INFO] [ClientIdentityService:attachSession] client validated {"clientId":"69748074f21e33955bcdd12e"}
2026-01-24 09:26:47 [INFO] [ClientIdentityService:attachSession] validating client
2026-01-24 09:26:47 [INFO] [ClientIdentityService:checkRegisteration] client found {}
2026-01-24 09:26:47 [INFO] [ClientIdentityService:attachSession] client found {"registeredClient":"69748074f21e33955bcdd12e"}
2026-01-24 09:26:47 [INFO] [ClientIdentityService:attachSession] client validated {"clientId":"69748074f21e33955bcdd12e"}
2026-01-24 09:26:57 [INFO] [ClientIdentityService:attachSession] validating client
2026-01-24 09:26:57 [INFO] [ClientIdentityService:checkRegisteration] client found {}
2026-01-24 09:26:57 [INFO] [ClientIdentityService:attachSession] client found {"registeredClient":"69748074f21e33955bcdd12e"}
2026-01-24 09:26:57 [INFO] [ClientIdentityService:attachSession] client validated {"clientId":"69748074f21e33955bcdd12e"}
2026-01-24 09:27:04 [INFO] [ClientIdentityService:attachSession] validating client
2026-01-24 09:27:04 [INFO] [ClientIdentityService:checkRegisteration] client found {}
2026-01-24 09:27:04 [INFO] [ClientIdentityService:attachSession] client found {"registeredClient":"69748074f21e33955bcdd12e"}
2026-01-24 09:27:04 [INFO] [ClientIdentityService:attachSession] client validated {"clientId":"69748074f21e33955bcdd12e"}
2026-01-24 09:27:12 [INFO] [ClientIdentityService:attachSession] validating client
2026-01-24 09:27:12 [INFO] [ClientIdentityService:checkRegisteration] client found {}
2026-01-24 09:27:12 [INFO] [ClientIdentityService:attachSession] client found {"registeredClient":"69748074f21e33955bcdd12e"}
2026-01-24 09:27:12 [INFO] [ClientIdentityService:attachSession] client validated {"clientId":"69748074f21e33955bcdd12e"}
2026-01-24 09:27:18 [INFO] [ClientIdentityService:attachSession] validating client
2026-01-24 09:27:18 [INFO] [ClientIdentityService:checkRegisteration] client found {}
2026-01-24 09:27:18 [INFO] [ClientIdentityService:attachSession] client found {"registeredClient":"69748074f21e33955bcdd12e"}
2026-01-24 09:27:18 [INFO] [ClientIdentityService:attachSession] client validated {"clientId":"69748074f21e33955bcdd12e"}
2026-01-24 09:27:26 [INFO] [ClientIdentityService:attachSession] validating client
2026-01-24 09:27:26 [INFO] [ClientIdentityService:checkRegisteration] client found {}
2026-01-24 09:27:26 [INFO] [ClientIdentityService:attachSession] client found {"registeredClient":"69748074f21e33955bcdd12e"}
2026-01-24 09:27:26 [INFO] [ClientIdentityService:attachSession] client validated {"clientId":"69748074f21e33955bcdd12e"}
2026-01-24 09:27:35 [INFO] [ClientIdentityService:attachSession] validating client
2026-01-24 09:27:35 [INFO] [ClientIdentityService:checkRegisteration] client found {}
2026-01-24 09:27:35 [INFO] [ClientIdentityService:attachSession] client found {"registeredClient":"69748074f21e33955bcdd12e"}
2026-01-24 09:27:35 [INFO] [ClientIdentityService:attachSession] client validated {"clientId":"69748074f21e33955bcdd12e"}
2026-01-24 09:27:45 [INFO] [ClientIdentityService:attachSession] validating client
2026-01-24 09:27:45 [INFO] [ClientIdentityService:checkRegisteration] client found {}
2026-01-24 09:27:45 [INFO] [ClientIdentityService:attachSession] client found {"registeredClient":"69748074f21e33955bcdd12e"}
2026-01-24 09:27:45 [INFO] [ClientIdentityService:attachSession] client validated {"clientId":"69748074f21e33955bcdd12e"}
2026-01-24 09:27:53 [INFO] [ClientIdentityService:attachSession] validating client
2026-01-24 09:27:53 [INFO] [ClientIdentityService:checkRegisteration] client found {}
2026-01-24 09:27:53 [INFO] [ClientIdentityService:attachSession] client found {"registeredClient":"69748074f21e33955bcdd12e"}
2026-01-24 09:27:53 [INFO] [ClientIdentityService:attachSession] client validated {"clientId":"69748074f21e33955bcdd12e"}
2026-01-24 09:28:00 [INFO] [ClientIdentityService:attachSession] validating client
2026-01-24 09:28:00 [INFO] [ClientIdentityService:checkRegisteration] client found {}
2026-01-24 09:28:00 [INFO] [ClientIdentityService:attachSession] client found {"registeredClient":"69748074f21e33955bcdd12e"}
2026-01-24 09:28:00 [INFO] [ClientIdentityService:attachSession] client validated {"clientId":"69748074f21e33955bcdd12e"}
2026-01-24 09:28:07 [INFO] [ClientIdentityService:attachSession] validating client
2026-01-24 09:28:07 [INFO] [ClientIdentityService:checkRegisteration] client found {}
2026-01-24 09:28:07 [INFO] [ClientIdentityService:attachSession] client found {"registeredClient":"69748074f21e33955bcdd12e"}
2026-01-24 09:28:07 [INFO] [ClientIdentityService:attachSession] client validated {"clientId":"69748074f21e33955bcdd12e"}
2026-01-24 09:28:17 [INFO] [ClientIdentityService:attachSession] validating client
2026-01-24 09:28:17 [INFO] [ClientIdentityService:checkRegisteration] client found {}
2026-01-24 09:28:17 [INFO] [ClientIdentityService:attachSession] client found {"registeredClient":"69748074f21e33955bcdd12e"}
2026-01-24 09:28:17 [INFO] [ClientIdentityService:attachSession] client validated {"clientId":"69748074f21e33955bcdd12e"}
2026-01-24 09:28:25 [INFO] [ClientIdentityService:attachSession] validating client
2026-01-24 09:28:25 [INFO] [ClientIdentityService:checkRegisteration] client found {}
2026-01-24 09:28:25 [INFO] [ClientIdentityService:attachSession] client found {"registeredClient":"69748074f21e33955bcdd12e"}
2026-01-24 09:28:25 [INFO] [ClientIdentityService:attachSession] client validated {"clientId":"69748074f21e33955bcdd12e"}
2026-01-24 09:28:35 [INFO] [ClientIdentityService:attachSession] validating client
2026-01-24 09:28:35 [INFO] [ClientIdentityService:checkRegisteration] client found {}
2026-01-24 09:28:35 [INFO] [ClientIdentityService:attachSession] client found {"registeredClient":"69748074f21e33955bcdd12e"}
2026-01-24 09:28:35 [INFO] [ClientIdentityService:attachSession] client validated {"clientId":"69748074f21e33955bcdd12e"}
2026-01-24 09:28:45 [INFO] [ClientIdentityService:attachSession] validating client
2026-01-24 09:28:45 [INFO] [ClientIdentityService:checkRegisteration] client found {}
2026-01-24 09:28:45 [INFO] [ClientIdentityService:attachSession] client found {"registeredClient":"69748074f21e33955bcdd12e"}
2026-01-24 09:28:45 [INFO] [ClientIdentityService:attachSession] client validated {"clientId":"69748074f21e33955bcdd12e"}
2026-01-24 09:28:52 [INFO] [ClientIdentityService:attachSession] validating client
2026-01-24 09:28:52 [INFO] [ClientIdentityService:checkRegisteration] client found {}
2026-01-24 09:28:52 [INFO] [ClientIdentityService:attachSession] client found {"registeredClient":"69748074f21e33955bcdd12e"}
2026-01-24 09:28:52 [INFO] [ClientIdentityService:attachSession] client validated {"clientId":"69748074f21e33955bcdd12e"}
2026-01-24 09:29:00 [INFO] [ClientIdentityService:attachSession] validating client
2026-01-24 09:29:00 [INFO] [ClientIdentityService:checkRegisteration] client found {}
2026-01-24 09:29:00 [INFO] [ClientIdentityService:attachSession] client found {"registeredClient":"69748074f21e33955bcdd12e"}
2026-01-24 09:29:00 [INFO] [ClientIdentityService:attachSession] client validated {"clientId":"69748074f21e33955bcdd12e"}
2026-01-24 09:29:07 [INFO] [ClientIdentityService:attachSession] validating client
2026-01-24 09:29:07 [INFO] [ClientIdentityService:checkRegisteration] client found {}
2026-01-24 09:29:07 [INFO] [ClientIdentityService:attachSession] client found {"registeredClient":"69748074f21e33955bcdd12e"}
2026-01-24 09:29:07 [INFO] [ClientIdentityService:attachSession] client validated {"clientId":"69748074f21e33955bcdd12e"}
2026-01-24 09:29:13 [INFO] [ClientIdentityService:attachSession] validating client
2026-01-24 09:29:13 [INFO] [ClientIdentityService:checkRegisteration] client found {}
2026-01-24 09:29:13 [INFO] [ClientIdentityService:attachSession] client found {"registeredClient":"69748074f21e33955bcdd12e"}
2026-01-24 09:29:13 [INFO] [ClientIdentityService:attachSession] client validated {"clientId":"69748074f21e33955bcdd12e"}
2026-01-24 09:29:19 [INFO] [ClientIdentityService:attachSession] validating client
2026-01-24 09:29:19 [INFO] [ClientIdentityService:checkRegisteration] client found {}
2026-01-24 09:29:19 [INFO] [ClientIdentityService:attachSession] client found {"registeredClient":"69748074f21e33955bcdd12e"}
2026-01-24 09:29:19 [INFO] [ClientIdentityService:attachSession] client validated {"clientId":"69748074f21e33955bcdd12e"}
2026-01-24 09:29:24 [INFO] [ClientIdentityService:attachSession] validating client
2026-01-24 09:29:24 [INFO] [ClientIdentityService:checkRegisteration] client found {}
2026-01-24 09:29:24 [INFO] [ClientIdentityService:attachSession] client found {"registeredClient":"69748074f21e33955bcdd12e"}
2026-01-24 09:29:24 [INFO] [ClientIdentityService:attachSession] client validated {"clientId":"69748074f21e33955bcdd12e"}
2026-01-24 09:29:30 [INFO] [ClientIdentityService:attachSession] validating client
2026-01-24 09:29:30 [INFO] [ClientIdentityService:checkRegisteration] client found {}
2026-01-24 09:29:30 [INFO] [ClientIdentityService:attachSession] client found {"registeredClient":"69748074f21e33955bcdd12e"}
2026-01-24 09:29:30 [INFO] [ClientIdentityService:attachSession] client validated {"clientId":"69748074f21e33955bcdd12e"}
2026-01-24 09:29:36 [INFO] [ClientIdentityService:attachSession] validating client
2026-01-24 09:29:36 [INFO] [ClientIdentityService:checkRegisteration] client found {}
2026-01-24 09:29:36 [INFO] [ClientIdentityService:attachSession] client found {"registeredClient":"69748074f21e33955bcdd12e"}
2026-01-24 09:29:36 [INFO] [ClientIdentityService:attachSession] client validated {"clientId":"69748074f21e33955bcdd12e"}
2026-01-24 09:29:41 [INFO] [ClientIdentityService:attachSession] validating client
2026-01-24 09:29:41 [INFO] [ClientIdentityService:checkRegisteration] client found {}
2026-01-24 09:29:41 [INFO] [ClientIdentityService:attachSession] client found {"registeredClient":"69748074f21e33955bcdd12e"}
2026-01-24 09:29:41 [INFO] [ClientIdentityService:attachSession] client validated {"clientId":"69748074f21e33955bcdd12e"}
2026-01-24 09:29:47 [INFO] [ClientIdentityService:attachSession] validating client
2026-01-24 09:29:47 [INFO] [ClientIdentityService:checkRegisteration] client found {}
2026-01-24 09:29:47 [INFO] [ClientIdentityService:attachSession] client found {"registeredClient":"69748074f21e33955bcdd12e"}
2026-01-24 09:29:47 [INFO] [ClientIdentityService:attachSession] client validated {"clientId":"69748074f21e33955bcdd12e"}
2026-01-24 09:29:52 [INFO] [ClientIdentityService:attachSession] validating client
2026-01-24 09:29:52 [INFO] [ClientIdentityService:checkRegisteration] client found {}
2026-01-24 09:29:52 [INFO] [ClientIdentityService:attachSession] client found {"registeredClient":"69748074f21e33955bcdd12e"}
2026-01-24 09:29:52 [INFO] [ClientIdentityService:attachSession] client validated {"clientId":"69748074f21e33955bcdd12e"}
2026-01-24 09:29:58 [INFO] [ClientIdentityService:attachSession] validating client
2026-01-24 09:29:58 [INFO] [ClientIdentityService:checkRegisteration] client found {}
2026-01-24 09:29:58 [INFO] [ClientIdentityService:attachSession] client found {"registeredClient":"69748074f21e33955bcdd12e"}
2026-01-24 09:29:58 [INFO] [ClientIdentityService:attachSession] client validated {"clientId":"69748074f21e33955bcdd12e"}
2026-01-24 09:30:04 [INFO] [ClientIdentityService:attachSession] validating client
2026-01-24 09:30:04 [INFO] [ClientIdentityService:checkRegisteration] client found {}
2026-01-24 09:30:04 [INFO] [ClientIdentityService:attachSession] client found {"registeredClient":"69748074f21e33955bcdd12e"}
2026-01-24 09:30:04 [INFO] [ClientIdentityService:attachSession] client validated {"clientId":"69748074f21e33955bcdd12e"}
2026-01-24 09:30:09 [INFO] [ClientIdentityService:attachSession] validating client
2026-01-24 09:30:09 [INFO] [ClientIdentityService:checkRegisteration] client found {}
2026-01-24 09:30:09 [INFO] [ClientIdentityService:attachSession] client found {"registeredClient":"69748074f21e33955bcdd12e"}
2026-01-24 09:30:09 [INFO] [ClientIdentityService:attachSession] client validated {"clientId":"69748074f21e33955bcdd12e"}
2026-01-24 09:30:15 [INFO] [ClientIdentityService:attachSession] validating client
2026-01-24 09:30:15 [INFO] [ClientIdentityService:checkRegisteration] client found {}
2026-01-24 09:30:15 [INFO] [ClientIdentityService:attachSession] client found {"registeredClient":"69748074f21e33955bcdd12e"}
2026-01-24 09:30:15 [INFO] [ClientIdentityService:attachSession] client validated {"clientId":"69748074f21e33955bcdd12e"}
2026-01-24 09:30:21 [INFO] [ClientIdentityService:attachSession] validating client
2026-01-24 09:30:21 [INFO] [ClientIdentityService:checkRegisteration] client found {}
2026-01-24 09:30:21 [INFO] [ClientIdentityService:attachSession] client found {"registeredClient":"69748074f21e33955bcdd12e"}
2026-01-24 09:30:21 [INFO] [ClientIdentityService:attachSession] client validated {"clientId":"69748074f21e33955bcdd12e"}
2026-01-24 09:30:27 [INFO] [ClientIdentityService:attachSession] validating client
2026-01-24 09:30:27 [INFO] [ClientIdentityService:checkRegisteration] client found {}
2026-01-24 09:30:27 [INFO] [ClientIdentityService:attachSession] client found {"registeredClient":"69748074f21e33955bcdd12e"}
2026-01-24 09:30:27 [INFO] [ClientIdentityService:attachSession] client validated {"clientId":"69748074f21e33955bcdd12e"}
2026-01-24 09:30:33 [INFO] [ClientIdentityService:attachSession] validating client
2026-01-24 09:30:33 [INFO] [ClientIdentityService:checkRegisteration] client found {}
2026-01-24 09:30:33 [INFO] [ClientIdentityService:attachSession] client found {"registeredClient":"69748074f21e33955bcdd12e"}
2026-01-24 09:30:33 [INFO] [ClientIdentityService:attachSession] client validated {"clientId":"69748074f21e33955bcdd12e"}
2026-01-24 09:30:41 [INFO] [ClientIdentityService:attachSession] validating client
2026-01-24 09:30:41 [INFO] [ClientIdentityService:checkRegisteration] client found {}
2026-01-24 09:30:41 [INFO] [ClientIdentityService:attachSession] client found {"registeredClient":"69748074f21e33955bcdd12e"}
2026-01-24 09:30:41 [INFO] [ClientIdentityService:attachSession] client validated {"clientId":"69748074f21e33955bcdd12e"}
2026-01-24 09:30:49 [INFO] [ClientIdentityService:attachSession] validating client
2026-01-24 09:30:49 [INFO] [ClientIdentityService:checkRegisteration] client found {}
2026-01-24 09:30:49 [INFO] [ClientIdentityService:attachSession] client found {"registeredClient":"69748074f21e33955bcdd12e"}
2026-01-24 09:30:49 [INFO] [ClientIdentityService:attachSession] client validated {"clientId":"69748074f21e33955bcdd12e"}
2026-01-24 09:30:58 [INFO] [ClientIdentityService:attachSession] validating client
2026-01-24 09:30:58 [INFO] [ClientIdentityService:checkRegisteration] client found {}
2026-01-24 09:30:58 [INFO] [ClientIdentityService:attachSession] client found {"registeredClient":"69748074f21e33955bcdd12e"}
2026-01-24 09:30:58 [INFO] [ClientIdentityService:attachSession] client validated {"clientId":"69748074f21e33955bcdd12e"}
2026-01-24 09:31:07 [INFO] [ClientIdentityService:attachSession] validating client
2026-01-24 09:31:07 [INFO] [ClientIdentityService:checkRegisteration] client found {}
2026-01-24 09:31:07 [INFO] [ClientIdentityService:attachSession] client found {"registeredClient":"69748074f21e33955bcdd12e"}
2026-01-24 09:31:07 [INFO] [ClientIdentityService:attachSession] client validated {"clientId":"69748074f21e33955bcdd12e"}
2026-01-24 09:31:15 [INFO] [ClientIdentityService:attachSession] validating client
2026-01-24 09:31:15 [INFO] [ClientIdentityService:checkRegisteration] client found {}
2026-01-24 09:31:15 [INFO] [ClientIdentityService:attachSession] client found {"registeredClient":"69748074f21e33955bcdd12e"}
2026-01-24 09:31:15 [INFO] [ClientIdentityService:attachSession] client validated {"clientId":"69748074f21e33955bcdd12e"}
2026-01-24 09:31:25 [INFO] [ClientIdentityService:attachSession] validating client
2026-01-24 09:31:25 [INFO] [ClientIdentityService:checkRegisteration] client found {}
2026-01-24 09:31:25 [INFO] [ClientIdentityService:attachSession] client found {"registeredClient":"69748074f21e33955bcdd12e"}
2026-01-24 09:31:25 [INFO] [ClientIdentityService:attachSession] client validated {"clientId":"69748074f21e33955bcdd12e"}
2026-01-24 09:31:33 [INFO] [ClientIdentityService:attachSession] validating client
2026-01-24 09:31:33 [INFO] [ClientIdentityService:checkRegisteration] client found {}
2026-01-24 09:31:33 [INFO] [ClientIdentityService:attachSession] client found {"registeredClient":"69748074f21e33955bcdd12e"}
2026-01-24 09:31:33 [INFO] [ClientIdentityService:attachSession] client validated {"clientId":"69748074f21e33955bcdd12e"}
2026-01-24 09:31:41 [INFO] [ClientIdentityService:attachSession] validating client
2026-01-24 09:31:41 [INFO] [ClientIdentityService:checkRegisteration] client found {}
2026-01-24 09:31:41 [INFO] [ClientIdentityService:attachSession] client found {"registeredClient":"69748074f21e33955bcdd12e"}
2026-01-24 09:31:41 [INFO] [ClientIdentityService:attachSession] client validated {"clientId":"69748074f21e33955bcdd12e"}
2026-01-24 09:31:49 [INFO] [ClientIdentityService:attachSession] validating client
2026-01-24 09:31:49 [INFO] [ClientIdentityService:checkRegisteration] client found {}
2026-01-24 09:31:49 [INFO] [ClientIdentityService:attachSession] client found {"registeredClient":"69748074f21e33955bcdd12e"}
2026-01-24 09:31:49 [INFO] [ClientIdentityService:attachSession] client validated {"clientId":"69748074f21e33955bcdd12e"}
2026-01-24 09:31:58 [INFO] [ClientIdentityService:attachSession] validating client
2026-01-24 09:31:58 [INFO] [ClientIdentityService:checkRegisteration] client found {}
2026-01-24 09:31:58 [INFO] [ClientIdentityService:attachSession] client found {"registeredClient":"69748074f21e33955bcdd12e"}
2026-01-24 09:31:58 [INFO] [ClientIdentityService:attachSession] client validated {"clientId":"69748074f21e33955bcdd12e"}
2026-01-24 09:32:05 [INFO] [ClientIdentityService:attachSession] validating client
2026-01-24 09:32:05 [INFO] [ClientIdentityService:checkRegisteration] client found {}
2026-01-24 09:32:05 [INFO] [ClientIdentityService:attachSession] client found {"registeredClient":"69748074f21e33955bcdd12e"}
2026-01-24 09:32:05 [INFO] [ClientIdentityService:attachSession] client validated {"clientId":"69748074f21e33955bcdd12e"}
2026-01-24 09:32:13 [INFO] [ClientIdentityService:attachSession] validating client
2026-01-24 09:32:13 [INFO] [ClientIdentityService:checkRegisteration] client found {}
2026-01-24 09:32:13 [INFO] [ClientIdentityService:attachSession] client found {"registeredClient":"69748074f21e33955bcdd12e"}
2026-01-24 09:32:13 [INFO] [ClientIdentityService:attachSession] client validated {"clientId":"69748074f21e33955bcdd12e"}
2026-01-24 09:32:24 [INFO] [ClientIdentityService:attachSession] validating client
2026-01-24 09:32:24 [INFO] [ClientIdentityService:checkRegisteration] client found {}
2026-01-24 09:32:24 [INFO] [ClientIdentityService:attachSession] client found {"registeredClient":"69748074f21e33955bcdd12e"}
2026-01-24 09:32:24 [INFO] [ClientIdentityService:attachSession] client validated {"clientId":"69748074f21e33955bcdd12e"}
2026-01-24 09:32:31 [INFO] [ClientIdentityService:attachSession] validating client
2026-01-24 09:32:31 [INFO] [ClientIdentityService:checkRegisteration] client found {}
2026-01-24 09:32:31 [INFO] [ClientIdentityService:attachSession] client found {"registeredClient":"69748074f21e33955bcdd12e"}
2026-01-24 09:32:31 [INFO] [ClientIdentityService:attachSession] client validated {"clientId":"69748074f21e33955bcdd12e"}
2026-01-24 09:32:39 [INFO] [ClientIdentityService:attachSession] validating client
2026-01-24 09:32:39 [INFO] [ClientIdentityService:checkRegisteration] client found {}
2026-01-24 09:32:39 [INFO] [ClientIdentityService:attachSession] client found {"registeredClient":"69748074f21e33955bcdd12e"}
2026-01-24 09:32:39 [INFO] [ClientIdentityService:attachSession] client validated {"clientId":"69748074f21e33955bcdd12e"}
2026-01-24 09:32:47 [INFO] [ClientIdentityService:attachSession] validating client
2026-01-24 09:32:47 [INFO] [ClientIdentityService:checkRegisteration] client found {}
2026-01-24 09:32:47 [INFO] [ClientIdentityService:attachSession] client found {"registeredClient":"69748074f21e33955bcdd12e"}
2026-01-24 09:32:47 [INFO] [ClientIdentityService:attachSession] client validated {"clientId":"69748074f21e33955bcdd12e"}
2026-01-24 09:32:56 [INFO] [ClientIdentityService:attachSession] validating client
2026-01-24 09:32:56 [INFO] [ClientIdentityService:checkRegisteration] client found {}
2026-01-24 09:32:56 [INFO] [ClientIdentityService:attachSession] client found {"registeredClient":"69748074f21e33955bcdd12e"}
2026-01-24 09:32:56 [INFO] [ClientIdentityService:attachSession] client validated {"clientId":"69748074f21e33955bcdd12e"}
2026-01-24 09:33:05 [INFO] [ClientIdentityService:attachSession] validating client
2026-01-24 09:33:05 [INFO] [ClientIdentityService:checkRegisteration] client found {}
2026-01-24 09:33:05 [INFO] [ClientIdentityService:attachSession] client found {"registeredClient":"69748074f21e33955bcdd12e"}
2026-01-24 09:33:05 [INFO] [ClientIdentityService:attachSession] client validated {"clientId":"69748074f21e33955bcdd12e"}
2026-01-24 09:33:15 [INFO] [ClientIdentityService:attachSession] validating client
2026-01-24 09:33:15 [INFO] [ClientIdentityService:checkRegisteration] client found {}
2026-01-24 09:33:15 [INFO] [ClientIdentityService:attachSession] client found {"registeredClient":"69748074f21e33955bcdd12e"}
2026-01-24 09:33:15 [INFO] [ClientIdentityService:attachSession] client validated {"clientId":"69748074f21e33955bcdd12e"}
2026-01-24 09:33:23 [INFO] [ClientIdentityService:attachSession] validating client
2026-01-24 09:33:23 [INFO] [ClientIdentityService:checkRegisteration] client found {}
2026-01-24 09:33:23 [INFO] [ClientIdentityService:attachSession] client found {"registeredClient":"69748074f21e33955bcdd12e"}
2026-01-24 09:33:23 [INFO] [ClientIdentityService:attachSession] client validated {"clientId":"69748074f21e33955bcdd12e"}
2026-01-24 09:33:30 [INFO] [ClientIdentityService:attachSession] validating client
2026-01-24 09:33:30 [INFO] [ClientIdentityService:checkRegisteration] client found {}
2026-01-24 09:33:30 [INFO] [ClientIdentityService:attachSession] client found {"registeredClient":"69748074f21e33955bcdd12e"}
2026-01-24 09:33:30 [INFO] [ClientIdentityService:attachSession] client validated {"clientId":"69748074f21e33955bcdd12e"}
2026-01-24 09:33:40 [INFO] [ClientIdentityService:attachSession] validating client
2026-01-24 09:33:40 [INFO] [ClientIdentityService:checkRegisteration] client found {}
2026-01-24 09:33:40 [INFO] [ClientIdentityService:attachSession] client found {"registeredClient":"69748074f21e33955bcdd12e"}
2026-01-24 09:33:40 [INFO] [ClientIdentityService:attachSession] client validated {"clientId":"69748074f21e33955bcdd12e"}
2026-01-24 09:33:49 [INFO] [ClientIdentityService:attachSession] validating client
2026-01-24 09:33:49 [INFO] [ClientIdentityService:checkRegisteration] client found {}
2026-01-24 09:33:49 [INFO] [ClientIdentityService:attachSession] client found {"registeredClient":"69748074f21e33955bcdd12e"}
2026-01-24 09:33:49 [INFO] [ClientIdentityService:attachSession] client validated {"clientId":"69748074f21e33955bcdd12e"}
2026-01-24 09:33:57 [INFO] [ClientIdentityService:attachSession] validating client
2026-01-24 09:33:57 [INFO] [ClientIdentityService:checkRegisteration] client found {}
2026-01-24 09:33:57 [INFO] [ClientIdentityService:attachSession] client found {"registeredClient":"69748074f21e33955bcdd12e"}
2026-01-24 09:33:57 [INFO] [ClientIdentityService:attachSession] client validated {"clientId":"69748074f21e33955bcdd12e"}
2026-01-24 09:34:06 [INFO] [ClientIdentityService:attachSession] validating client
2026-01-24 09:34:06 [INFO] [ClientIdentityService:checkRegisteration] client found {}
2026-01-24 09:34:06 [INFO] [ClientIdentityService:attachSession] client found {"registeredClient":"69748074f21e33955bcdd12e"}
2026-01-24 09:34:06 [INFO] [ClientIdentityService:attachSession] client validated {"clientId":"69748074f21e33955bcdd12e"}
2026-01-24 09:34:15 [INFO] [ClientIdentityService:attachSession] validating client
2026-01-24 09:34:15 [INFO] [ClientIdentityService:checkRegisteration] client found {}
2026-01-24 09:34:15 [INFO] [ClientIdentityService:attachSession] client found {"registeredClient":"69748074f21e33955bcdd12e"}
2026-01-24 09:34:15 [INFO] [ClientIdentityService:attachSession] client validated {"clientId":"69748074f21e33955bcdd12e"}
2026-01-24 09:34:26 [INFO] [ClientIdentityService:attachSession] validating client
2026-01-24 09:34:26 [INFO] [ClientIdentityService:checkRegisteration] client found {}
2026-01-24 09:34:26 [INFO] [ClientIdentityService:attachSession] client found {"registeredClient":"69748074f21e33955bcdd12e"}
2026-01-24 09:34:26 [INFO] [ClientIdentityService:attachSession] client validated {"clientId":"69748074f21e33955bcdd12e"}
2026-01-24 09:34:33 [INFO] [ClientIdentityService:attachSession] validating client
2026-01-24 09:34:33 [INFO] [ClientIdentityService:checkRegisteration] client found {}
2026-01-24 09:34:33 [INFO] [ClientIdentityService:attachSession] client found {"registeredClient":"69748074f21e33955bcdd12e"}
2026-01-24 09:34:33 [INFO] [ClientIdentityService:attachSession] client validated {"clientId":"69748074f21e33955bcdd12e"}
2026-01-24 09:34:34 [INFO] [ClientIdentityService:attachSession] validating client
2026-01-24 09:34:34 [INFO] [ClientIdentityService:checkRegisteration] client found {}
2026-01-24 09:34:34 [INFO] [ClientIdentityService:attachSession] client found {"registeredClient":"69748074f21e33955bcdd12e"}
2026-01-24 09:34:34 [INFO] [ClientIdentityService:attachSession] client validated {"clientId":"69748074f21e33955bcdd12e"}
2026-01-24 09:34:37 [INFO] [ClientIdentityService:attachSession] validating client
2026-01-24 09:34:37 [INFO] [ClientIdentityService:checkRegisteration] client found {}
2026-01-24 09:34:37 [INFO] [ClientIdentityService:attachSession] client found {"registeredClient":"69748074f21e33955bcdd12e"}
2026-01-24 09:34:37 [INFO] [ClientIdentityService:attachSession] client validated {"clientId":"69748074f21e33955bcdd12e"}
2026-01-24 09:34:41 [INFO] [ClientIdentityService:attachSession] validating client
2026-01-24 09:34:41 [INFO] [ClientIdentityService:checkRegisteration] client found {}
2026-01-24 09:34:41 [INFO] [ClientIdentityService:attachSession] client found {"registeredClient":"69748074f21e33955bcdd12e"}
2026-01-24 09:34:41 [INFO] [ClientIdentityService:attachSession] client validated {"clientId":"69748074f21e33955bcdd12e"}
2026-01-24 09:34:47 [INFO] [ClientIdentityService:attachSession] validating client
2026-01-24 09:34:47 [INFO] [ClientIdentityService:checkRegisteration] client found {}
2026-01-24 09:34:47 [INFO] [ClientIdentityService:attachSession] client found {"registeredClient":"69748074f21e33955bcdd12e"}
2026-01-24 09:34:47 [INFO] [ClientIdentityService:attachSession] client validated {"clientId":"69748074f21e33955bcdd12e"}
2026-01-24 09:34:52 [INFO] [ClientIdentityService:attachSession] validating client
2026-01-24 09:34:52 [INFO] [ClientIdentityService:checkRegisteration] client found {}
2026-01-24 09:34:52 [INFO] [ClientIdentityService:attachSession] client found {"registeredClient":"69748074f21e33955bcdd12e"}
2026-01-24 09:34:52 [INFO] [ClientIdentityService:attachSession] client validated {"clientId":"69748074f21e33955bcdd12e"}
2026-01-24 09:34:58 [INFO] [ClientIdentityService:attachSession] validating client
2026-01-24 09:34:58 [INFO] [ClientIdentityService:checkRegisteration] client found {}
2026-01-24 09:34:58 [INFO] [ClientIdentityService:attachSession] client found {"registeredClient":"69748074f21e33955bcdd12e"}
2026-01-24 09:34:58 [INFO] [ClientIdentityService:attachSession] client validated {"clientId":"69748074f21e33955bcdd12e"}
2026-01-24 09:35:03 [INFO] [ClientIdentityService:attachSession] validating client
2026-01-24 09:35:03 [INFO] [ClientIdentityService:checkRegisteration] client found {}
2026-01-24 09:35:03 [INFO] [ClientIdentityService:attachSession] client found {"registeredClient":"69748074f21e33955bcdd12e"}
2026-01-24 09:35:03 [INFO] [ClientIdentityService:attachSession] client validated {"clientId":"69748074f21e33955bcdd12e"}
2026-01-24 09:35:09 [INFO] [ClientIdentityService:attachSession] validating client
2026-01-24 09:35:09 [INFO] [ClientIdentityService:checkRegisteration] client found {}
2026-01-24 09:35:09 [INFO] [ClientIdentityService:attachSession] client found {"registeredClient":"69748074f21e33955bcdd12e"}
2026-01-24 09:35:09 [INFO] [ClientIdentityService:attachSession] client validated {"clientId":"69748074f21e33955bcdd12e"}
2026-01-24 09:35:15 [INFO] [ClientIdentityService:attachSession] validating client
2026-01-24 09:35:15 [INFO] [ClientIdentityService:checkRegisteration] client found {}
2026-01-24 09:35:15 [INFO] [ClientIdentityService:attachSession] client found {"registeredClient":"69748074f21e33955bcdd12e"}
2026-01-24 09:35:15 [INFO] [ClientIdentityService:attachSession] client validated {"clientId":"69748074f21e33955bcdd12e"}
2026-01-24 09:35:20 [INFO] [ClientIdentityService:attachSession] validating client
2026-01-24 09:35:20 [INFO] [ClientIdentityService:checkRegisteration] client found {}
2026-01-24 09:35:20 [INFO] [ClientIdentityService:attachSession] client found {"registeredClient":"69748074f21e33955bcdd12e"}
2026-01-24 09:35:20 [INFO] [ClientIdentityService:attachSession] client validated {"clientId":"69748074f21e33955bcdd12e"}
2026-01-24 09:35:26 [INFO] [ClientIdentityService:attachSession] validating client
2026-01-24 09:35:26 [INFO] [ClientIdentityService:checkRegisteration] client found {}
2026-01-24 09:35:26 [INFO] [ClientIdentityService:attachSession] client found {"registeredClient":"69748074f21e33955bcdd12e"}
2026-01-24 09:35:26 [INFO] [ClientIdentityService:attachSession] client validated {"clientId":"69748074f21e33955bcdd12e"}
2026-01-24 09:35:32 [INFO] [ClientIdentityService:attachSession] validating client
2026-01-24 09:35:32 [INFO] [ClientIdentityService:checkRegisteration] client found {}
2026-01-24 09:35:32 [INFO] [ClientIdentityService:attachSession] client found {"registeredClient":"69748074f21e33955bcdd12e"}
2026-01-24 09:35:32 [INFO] [ClientIdentityService:attachSession] client validated {"clientId":"69748074f21e33955bcdd12e"}
2026-01-24 09:35:37 [INFO] [ClientIdentityService:attachSession] validating client
2026-01-24 09:35:37 [INFO] [ClientIdentityService:checkRegisteration] client found {}
2026-01-24 09:35:37 [INFO] [ClientIdentityService:attachSession] client found {"registeredClient":"69748074f21e33955bcdd12e"}
2026-01-24 09:35:37 [INFO] [ClientIdentityService:attachSession] client validated {"clientId":"69748074f21e33955bcdd12e"}
2026-01-24 09:35:43 [INFO] [ClientIdentityService:attachSession] validating client
2026-01-24 09:35:43 [INFO] [ClientIdentityService:checkRegisteration] client found {}
2026-01-24 09:35:43 [INFO] [ClientIdentityService:attachSession] client found {"registeredClient":"69748074f21e33955bcdd12e"}
2026-01-24 09:35:43 [INFO] [ClientIdentityService:attachSession] client validated {"clientId":"69748074f21e33955bcdd12e"}
2026-01-24 09:35:48 [INFO] [ClientIdentityService:attachSession] validating client
2026-01-24 09:35:48 [INFO] [ClientIdentityService:checkRegisteration] client found {}
2026-01-24 09:35:48 [INFO] [ClientIdentityService:attachSession] client found {"registeredClient":"69748074f21e33955bcdd12e"}
2026-01-24 09:35:48 [INFO] [ClientIdentityService:attachSession] client validated {"clientId":"69748074f21e33955bcdd12e"}
2026-01-24 09:35:54 [INFO] [ClientIdentityService:attachSession] validating client
2026-01-24 09:35:54 [INFO] [ClientIdentityService:checkRegisteration] client found {}
2026-01-24 09:35:54 [INFO] [ClientIdentityService:attachSession] client found {"registeredClient":"69748074f21e33955bcdd12e"}
2026-01-24 09:35:54 [INFO] [ClientIdentityService:attachSession] client validated {"clientId":"69748074f21e33955bcdd12e"}
2026-01-24 09:36:00 [INFO] [ClientIdentityService:attachSession] validating client
2026-01-24 09:36:00 [INFO] [ClientIdentityService:checkRegisteration] client found {}
2026-01-24 09:36:00 [INFO] [ClientIdentityService:attachSession] client found {"registeredClient":"69748074f21e33955bcdd12e"}
2026-01-24 09:36:00 [INFO] [ClientIdentityService:attachSession] client validated {"clientId":"69748074f21e33955bcdd12e"}
2026-01-24 09:36:05 [INFO] [ClientIdentityService:attachSession] validating client
2026-01-24 09:36:05 [INFO] [ClientIdentityService:checkRegisteration] client found {}
2026-01-24 09:36:05 [INFO] [ClientIdentityService:attachSession] client found {"registeredClient":"69748074f21e33955bcdd12e"}
2026-01-24 09:36:05 [INFO] [ClientIdentityService:attachSession] client validated {"clientId":"69748074f21e33955bcdd12e"}
2026-01-24 09:36:11 [INFO] [ClientIdentityService:attachSession] validating client
2026-01-24 09:36:11 [INFO] [ClientIdentityService:checkRegisteration] client found {}
2026-01-24 09:36:11 [INFO] [ClientIdentityService:attachSession] client found {"registeredClient":"69748074f21e33955bcdd12e"}
2026-01-24 09:36:11 [INFO] [ClientIdentityService:attachSession] client validated {"clientId":"69748074f21e33955bcdd12e"}
2026-01-24 09:36:16 [INFO] [ClientIdentityService:attachSession] validating client
2026-01-24 09:36:16 [INFO] [ClientIdentityService:checkRegisteration] client found {}
2026-01-24 09:36:16 [INFO] [ClientIdentityService:attachSession] client found {"registeredClient":"69748074f21e33955bcdd12e"}
2026-01-24 09:36:16 [INFO] [ClientIdentityService:attachSession] client validated {"clientId":"69748074f21e33955bcdd12e"}
2026-01-24 09:36:22 [INFO] [ClientIdentityService:attachSession] validating client
2026-01-24 09:36:22 [INFO] [ClientIdentityService:checkRegisteration] client found {}
2026-01-24 09:36:22 [INFO] [ClientIdentityService:attachSession] client found {"registeredClient":"69748074f21e33955bcdd12e"}
2026-01-24 09:36:22 [INFO] [ClientIdentityService:attachSession] client validated {"clientId":"69748074f21e33955bcdd12e"}
2026-01-24 09:36:23 [INFO] [ClientIdentityService:attachSession] validating client
2026-01-24 09:36:23 [INFO] [ClientIdentityService:checkRegisteration] client found {"clientId":"6973f67552c9d67bbd51190b"}
2026-01-24 09:36:23 [INFO] [ClientIdentityService:attachSession] client found {"clientId":"6973f67552c9d67bbd51190b","registeredClient":"69748074f21e33955bcdd12e"}
2026-01-24 09:36:23 [INFO] [ClientIdentityService:attachSession] client validated {"clientId":"6973f67552c9d67bbd51190b"}
2026-01-24 09:36:28 [INFO] [ClientIdentityService:attachSession] validating client
2026-01-24 09:36:28 [INFO] [ClientIdentityService:checkRegisteration] client found {}
2026-01-24 09:36:28 [INFO] [ClientIdentityService:attachSession] client found {"registeredClient":"69748074f21e33955bcdd12e"}
2026-01-24 09:36:28 [INFO] [ClientIdentityService:attachSession] client validated {"clientId":"69748074f21e33955bcdd12e"}
2026-01-24 09:36:30 [INFO] [ClientIdentityService:attachSession] validating client
2026-01-24 09:36:30 [INFO] [ClientIdentityService:checkRegisteration] client found {"clientId":"6973f67552c9d67bbd51190b"}
2026-01-24 09:36:30 [INFO] [ClientIdentityService:attachSession] client found {"clientId":"6973f67552c9d67bbd51190b","registeredClient":"69748074f21e33955bcdd12e"}
2026-01-24 09:36:30 [INFO] [ClientIdentityService:attachSession] client validated {"clientId":"6973f67552c9d67bbd51190b"}
2026-01-24 09:39:04 [INFO] [ClientIdentityService:attachSession] validating client
2026-01-24 09:39:04 [INFO] [ClientIdentityService:checkRegisteration] client found {"clientId":"6973f67552c9d67bbd51190b"}
2026-01-24 09:39:04 [INFO] [ClientIdentityService:attachSession] client found {"clientId":"6973f67552c9d67bbd51190b","registeredClient":"69748074f21e33955bcdd12e"}
2026-01-24 09:39:04 [INFO] [ClientIdentityService:attachSession] client validated {"clientId":"6973f67552c9d67bbd51190b"}
2026-01-24 09:40:01 [INFO] [ClientIdentityService:attachSession] validating client
2026-01-24 09:40:01 [INFO] [ClientIdentityService:checkRegisteration] client found {"clientId":"6973f67552c9d67bbd51190b"}
2026-01-24 09:40:01 [INFO] [ClientIdentityService:attachSession] client found {"clientId":"6973f67552c9d67bbd51190b","registeredClient":"69748074f21e33955bcdd12e"}
2026-01-24 09:40:01 [INFO] [ClientIdentityService:attachSession] client validated {"clientId":"6973f67552c9d67bbd51190b"}
2026-01-24 09:40:43 [INFO] [ClientIdentityService:attachSession] validating client
2026-01-24 09:40:43 [INFO] [ClientIdentityService:checkRegisteration] client found {"clientId":"6973f67552c9d67bbd51190b"}
2026-01-24 09:40:43 [INFO] [ClientIdentityService:attachSession] client found {"clientId":"6973f67552c9d67bbd51190b","registeredClient":"69748074f21e33955bcdd12e"}
2026-01-24 09:40:43 [INFO] [ClientIdentityService:attachSession] client validated {"clientId":"6973f67552c9d67bbd51190b"}
2026-01-24 09:44:32 [INFO] [ClientIdentityService:attachSession] validating client
2026-01-24 09:44:32 [INFO] [ClientIdentityService:checkRegisteration] client found {"clientId":"6973f67552c9d67bbd51190b"}
2026-01-24 09:44:32 [INFO] [ClientIdentityService:attachSession] client found {"clientId":"6973f67552c9d67bbd51190b","registeredClient":"69748074f21e33955bcdd12e"}
2026-01-24 09:44:32 [INFO] [ClientIdentityService:attachSession] client validated {"clientId":"6973f67552c9d67bbd51190b"}
2026-01-24 09:44:37 [INFO] [ClientIdentityService:attachSession] validating client
2026-01-24 09:44:37 [INFO] [ClientIdentityService:checkRegisteration] client found {"clientId":"6973f67552c9d67bbd51190b"}
2026-01-24 09:44:37 [INFO] [ClientIdentityService:attachSession] client found {"clientId":"6973f67552c9d67bbd51190b","registeredClient":"69748074f21e33955bcdd12e"}
2026-01-24 09:44:37 [INFO] [ClientIdentityService:attachSession] client validated {"clientId":"6973f67552c9d67bbd51190b"}
2026-01-24 09:44:43 [INFO] [ClientIdentityService:attachSession] validating client
2026-01-24 09:44:43 [INFO] [ClientIdentityService:checkRegisteration] client found {"clientId":"6973f67552c9d67bbd51190b"}
2026-01-24 09:44:43 [INFO] [ClientIdentityService:attachSession] client found {"clientId":"6973f67552c9d67bbd51190b","registeredClient":"69748074f21e33955bcdd12e"}
2026-01-24 09:44:43 [INFO] [ClientIdentityService:attachSession] client validated {"clientId":"6973f67552c9d67bbd51190b"}
2026-01-24 09:45:04 [INFO] [ClientIdentityService:attachSession] validating client
2026-01-24 09:45:04 [INFO] [ClientIdentityService:checkRegisteration] client found {"clientId":"6973f67552c9d67bbd51190b"}
2026-01-24 09:45:04 [INFO] [ClientIdentityService:attachSession] client found {"clientId":"6973f67552c9d67bbd51190b","registeredClient":"69748074f21e33955bcdd12e"}
2026-01-24 09:45:04 [INFO] [ClientIdentityService:attachSession] client validated {"clientId":"6973f67552c9d67bbd51190b"}
2026-01-24 09:45:18 [INFO] [ClientIdentityService:attachSession] validating client
2026-01-24 09:45:18 [INFO] [ClientIdentityService:checkRegisteration] client found {}
2026-01-24 09:45:18 [INFO] [ClientIdentityService:attachSession] client found {"registeredClient":"697412f15edb97615a732457"}
2026-01-24 09:45:18 [INFO] [ClientIdentityService:attachSession] client validated {"clientId":"697412f15edb97615a732457"}
2026-01-24 09:46:05 [INFO] [ClientIdentityService:attachSession] validating client
2026-01-24 09:46:06 [INFO] [ClientIdentityService:checkRegisteration] client found {}
2026-01-24 09:46:06 [INFO] [ClientIdentityService:attachSession] client found {"registeredClient":"697412f15edb97615a732457"}
2026-01-24 09:46:06 [INFO] [ClientIdentityService:attachSession] client validated {"clientId":"697412f15edb97615a732457"}
2026-01-24 09:46:37 [INFO] [ClientIdentityService:attachSession] validating client
2026-01-24 09:46:37 [INFO] [ClientIdentityService:checkRegisteration] client found {}
2026-01-24 09:46:37 [INFO] [ClientIdentityService:attachSession] client found {"registeredClient":"697412f15edb97615a732457"}
2026-01-24 09:46:37 [INFO] [ClientIdentityService:attachSession] client validated {"clientId":"697412f15edb97615a732457"}
2026-01-24 09:48:02 [INFO] [ClientIdentityService:attachSession] validating client
2026-01-24 09:48:02 [INFO] [ClientIdentityService:checkRegisteration] client found {}
2026-01-24 09:48:02 [INFO] [ClientIdentityService:attachSession] client found {"registeredClient":"697412f15edb97615a732457"}
2026-01-24 09:48:02 [INFO] [ClientIdentityService:attachSession] client validated {"clientId":"697412f15edb97615a732457"}
2026-01-24 09:48:27 [INFO] [ClientIdentityService:attachSession] validating client
2026-01-24 09:48:27 [INFO] [ClientIdentityService:checkRegisteration] client found {}
2026-01-24 09:48:27 [INFO] [ClientIdentityService:attachSession] client found {"registeredClient":"697412f15edb97615a732457"}
2026-01-24 09:48:27 [INFO] [ClientIdentityService:attachSession] client validated {"clientId":"697412f15edb97615a732457"}
2026-01-24 09:48:45 [INFO] [ClientIdentityService:attachSession] validating client
2026-01-24 09:48:45 [INFO] [ClientIdentityService:checkRegisteration] client found {}
2026-01-24 09:48:45 [INFO] [ClientIdentityService:attachSession] client found {"registeredClient":"697412f15edb97615a732457"}
2026-01-24 09:48:45 [INFO] [ClientIdentityService:attachSession] client validated {"clientId":"697412f15edb97615a732457"}
2026-01-24 09:49:20 [INFO] [ClientIdentityService:attachSession] validating client
2026-01-24 09:49:20 [INFO] [ClientIdentityService:checkRegisteration] client found {}
2026-01-24 09:49:20 [INFO] [ClientIdentityService:attachSession] client found {"registeredClient":"697412f15edb97615a732457"}
2026-01-24 09:49:20 [INFO] [ClientIdentityService:attachSession] client validated {"clientId":"697412f15edb97615a732457"}
2026-01-24 09:49:34 [INFO] [ClientIdentityService:attachSession] validating client
2026-01-24 09:49:34 [INFO] [ClientIdentityService:checkRegisteration] client found {}
2026-01-24 09:49:34 [INFO] [ClientIdentityService:attachSession] client found {"registeredClient":"697412f15edb97615a732457"}
2026-01-24 09:49:34 [INFO] [ClientIdentityService:attachSession] client validated {"clientId":"697412f15edb97615a732457"}
2026-01-24 09:49:41 [INFO] [ClientIdentityService:attachSession] validating client
2026-01-24 09:49:41 [INFO] [ClientIdentityService:checkRegisteration] client found {}
2026-01-24 09:49:41 [INFO] [ClientIdentityService:attachSession] client found {"registeredClient":"697412f15edb97615a732457"}
2026-01-24 09:49:41 [INFO] [ClientIdentityService:attachSession] client validated {"clientId":"697412f15edb97615a732457"}
2026-01-24 09:49:57 [INFO] [ClientIdentityService:attachSession] validating client
2026-01-24 09:49:57 [INFO] [ClientIdentityService:checkRegisteration] client found {}
2026-01-24 09:49:57 [INFO] [ClientIdentityService:attachSession] client found {"registeredClient":"697412f15edb97615a732457"}
2026-01-24 09:49:57 [INFO] [ClientIdentityService:attachSession] client validated {"clientId":"697412f15edb97615a732457"}
2026-01-24 09:50:13 [INFO] [ClientIdentityService:attachSession] validating client
2026-01-24 09:50:13 [INFO] [ClientIdentityService:checkRegisteration] client found {}
2026-01-24 09:50:13 [INFO] [ClientIdentityService:attachSession] client found {"registeredClient":"697412f15edb97615a732457"}
2026-01-24 09:50:13 [INFO] [ClientIdentityService:attachSession] client validated {"clientId":"697412f15edb97615a732457"}
2026-01-24 09:50:13 [INFO] [ClientIdentityService:attachSession] validating client
2026-01-24 09:50:13 [INFO] [ClientIdentityService:checkRegisteration] client found {}
2026-01-24 09:50:13 [INFO] [ClientIdentityService:attachSession] client found {"registeredClient":"697412f15edb97615a732457"}
2026-01-24 09:50:13 [INFO] [ClientIdentityService:attachSession] client validated {"clientId":"697412f15edb97615a732457"}
2026-01-24 09:50:35 [INFO] [ClientIdentityService:attachSession] validating client
2026-01-24 09:50:35 [WARN] [ClientIdentityService:checkRegisteration] client not found {}
2026-01-24 09:50:35 [WARN] [ClientIdentityService:attachSession] client invalid or not found, creating new client
2026-01-24 09:50:35 [INFO] [ClientIdentityService:attachSession] client created {"clientId":"697487db562a1f2ad6fdb65f"}
2026-01-24 09:50:44 [INFO] [ClientIdentityService:attachSession] validating client
2026-01-24 09:50:44 [INFO] [ClientIdentityService:checkRegisteration] client found {}
2026-01-24 09:50:44 [INFO] [ClientIdentityService:attachSession] client found {"registeredClient":"697487db562a1f2ad6fdb65f"}
2026-01-24 09:50:44 [INFO] [ClientIdentityService:attachSession] client validated {"clientId":"697487db562a1f2ad6fdb65f"}
2026-01-24 09:51:01 [INFO] [ClientIdentityService:attachSession] validating client
2026-01-24 09:51:01 [INFO] [ClientIdentityService:checkRegisteration] client found {}
2026-01-24 09:51:01 [INFO] [ClientIdentityService:attachSession] client found {"registeredClient":"697487db562a1f2ad6fdb65f"}
2026-01-24 09:51:01 [INFO] [ClientIdentityService:attachSession] client validated {"clientId":"697487db562a1f2ad6fdb65f"}
2026-01-24 09:51:05 [INFO] [ClientIdentityService:attachSession] validating client
2026-01-24 09:51:05 [INFO] [ClientIdentityService:checkRegisteration] client found {}
2026-01-24 09:51:05 [INFO] [ClientIdentityService:attachSession] client found {"registeredClient":"697487db562a1f2ad6fdb65f"}
2026-01-24 09:51:05 [INFO] [ClientIdentityService:attachSession] client validated {"clientId":"697487db562a1f2ad6fdb65f"}
2026-01-24 09:52:42 [INFO] [ClientIdentityService:attachSession] validating client
2026-01-24 09:52:42 [INFO] [ClientIdentityService:checkRegisteration] client found {}
2026-01-24 09:52:42 [INFO] [ClientIdentityService:attachSession] client found {"registeredClient":"697412f15edb97615a732457"}
2026-01-24 09:52:42 [INFO] [ClientIdentityService:attachSession] client validated {"clientId":"697412f15edb97615a732457"}
2026-01-24 09:53:01 [INFO] [ClientIdentityService:attachSession] validating client
2026-01-24 09:53:01 [INFO] [ClientIdentityService:checkRegisteration] client found {}
2026-01-24 09:53:01 [INFO] [ClientIdentityService:attachSession] client found {"registeredClient":"697412f15edb97615a732457"}
2026-01-24 09:53:01 [INFO] [ClientIdentityService:attachSession] client validated {"clientId":"697412f15edb97615a732457"}
2026-01-24 09:53:39 [INFO] [ClientIdentityService:attachSession] validating client
2026-01-24 09:53:39 [INFO] [ClientIdentityService:checkRegisteration] client found {}
2026-01-24 09:53:39 [INFO] [ClientIdentityService:attachSession] client found {"registeredClient":"697412f15edb97615a732457"}
2026-01-24 09:53:39 [INFO] [ClientIdentityService:attachSession] client validated {"clientId":"697412f15edb97615a732457"}
2026-01-24 09:55:25 [INFO] [ClientIdentityService:attachSession] validating client
2026-01-24 09:55:25 [INFO] [ClientIdentityService:checkRegisteration] client found {}
2026-01-24 09:55:25 [INFO] [ClientIdentityService:attachSession] client found {"registeredClient":"697412f15edb97615a732457"}
2026-01-24 09:55:25 [INFO] [ClientIdentityService:attachSession] client validated {"clientId":"697412f15edb97615a732457"}
2026-01-24 09:55:25 [INFO] [ClientIdentityService:attachSession] validating client
2026-01-24 09:55:25 [INFO] [ClientIdentityService:checkRegisteration] client found {}
2026-01-24 09:55:25 [INFO] [ClientIdentityService:attachSession] client found {"registeredClient":"697412f15edb97615a732457"}
2026-01-24 09:55:25 [INFO] [ClientIdentityService:attachSession] client validated {"clientId":"697412f15edb97615a732457"}
2026-01-24 09:55:50 [INFO] [ClientIdentityService:attachSession] validating client
2026-01-24 09:55:50 [INFO] [ClientIdentityService:checkRegisteration] client found {}
2026-01-24 09:55:50 [INFO] [ClientIdentityService:attachSession] client found {"registeredClient":"697412f15edb97615a732457"}
2026-01-24 09:55:50 [INFO] [ClientIdentityService:attachSession] client validated {"clientId":"697412f15edb97615a732457"}
2026-01-24 09:55:50 [INFO] [ClientIdentityService:attachSession] validating client
2026-01-24 09:55:50 [INFO] [ClientIdentityService:checkRegisteration] client found {}
2026-01-24 09:55:50 [INFO] [ClientIdentityService:attachSession] client found {"registeredClient":"697412f15edb97615a732457"}
2026-01-24 09:55:50 [INFO] [ClientIdentityService:attachSession] client validated {"clientId":"697412f15edb97615a732457"}
2026-01-24 09:57:53 [INFO] [ClientIdentityService:attachSession] validating client
2026-01-24 09:57:53 [INFO] [ClientIdentityService:checkRegisteration] client found {}
2026-01-24 09:57:53 [INFO] [ClientIdentityService:attachSession] client found {"registeredClient":"697412f15edb97615a732457"}
2026-01-24 09:57:53 [INFO] [ClientIdentityService:attachSession] client validated {"clientId":"697412f15edb97615a732457"}
2026-01-24 09:57:53 [WARN] [ClientIdentityService:checkRegisteration] client not found {}
2026-01-24 09:57:53 [INFO] [ClientIdentityService:attachSession] validating client
2026-01-24 09:57:53 [INFO] [ClientIdentityService:checkRegisteration] client found {}
2026-01-24 09:57:53 [INFO] [ClientIdentityService:attachSession] client found {"registeredClient":"697412f15edb97615a732457"}
2026-01-24 09:57:53 [INFO] [ClientIdentityService:attachSession] client validated {"clientId":"697412f15edb97615a732457"}
2026-01-24 09:57:53 [WARN] [ClientIdentityService:checkRegisteration] client not found {}
2026-01-24 09:58:15 [INFO] [ClientIdentityService:attachSession] validating client
2026-01-24 09:58:15 [INFO] [ClientIdentityService:checkRegisteration] client found {}
2026-01-24 09:58:15 [INFO] [ClientIdentityService:attachSession] client found {"registeredClient":"697412f15edb97615a732457"}
2026-01-24 09:58:15 [INFO] [ClientIdentityService:attachSession] client validated {"clientId":"697412f15edb97615a732457"}
2026-01-24 09:58:15 [WARN] [ClientIdentityService:checkRegisteration] client not found {}
2026-01-24 09:58:15 [INFO] [ClientIdentityService:attachSession] validating client
2026-01-24 09:58:15 [INFO] [ClientIdentityService:checkRegisteration] client found {}
2026-01-24 09:58:15 [INFO] [ClientIdentityService:attachSession] client found {"registeredClient":"697412f15edb97615a732457"}
2026-01-24 09:58:15 [INFO] [ClientIdentityService:attachSession] client validated {"clientId":"697412f15edb97615a732457"}
2026-01-24 09:58:15 [WARN] [ClientIdentityService:checkRegisteration] client not found {}
2026-01-24 09:59:04 [INFO] [ClientIdentityService:attachSession] validating client
2026-01-24 09:59:04 [INFO] [ClientIdentityService:checkRegisteration] client found {}
2026-01-24 09:59:04 [INFO] [ClientIdentityService:attachSession] client found {"registeredClient":"697412f15edb97615a732457"}
2026-01-24 09:59:04 [INFO] [ClientIdentityService:attachSession] client validated {"clientId":"697412f15edb97615a732457"}
2026-01-24 09:59:04 [INFO] [ClientIdentityService:checkRegisteration] client found {}
2026-01-24 09:59:04 [INFO] [ClientIdentityService:attachSession] validating client
2026-01-24 09:59:04 [INFO] [ClientIdentityService:checkRegisteration] client found {}
2026-01-24 09:59:04 [INFO] [ClientIdentityService:attachSession] client found {"registeredClient":"697412f15edb97615a732457"}
2026-01-24 09:59:04 [INFO] [ClientIdentityService:attachSession] client validated {"clientId":"697412f15edb97615a732457"}
2026-01-24 09:59:04 [INFO] [ClientIdentityService:checkRegisteration] client found {}
2026-01-24 09:59:20 [INFO] [ClientIdentityService:attachSession] validating client
2026-01-24 09:59:20 [INFO] [ClientIdentityService:checkRegisteration] client found {}
2026-01-24 09:59:20 [INFO] [ClientIdentityService:attachSession] client found {"registeredClient":"697412f15edb97615a732457"}
2026-01-24 09:59:20 [INFO] [ClientIdentityService:attachSession] client validated {"clientId":"697412f15edb97615a732457"}
2026-01-24 09:59:20 [INFO] [ClientIdentityService:checkRegisteration] client found {}
2026-01-24 09:59:20 [INFO] [ClientIdentityService:attachSession] validating client
2026-01-24 09:59:20 [INFO] [ClientIdentityService:checkRegisteration] client found {}
2026-01-24 09:59:20 [INFO] [ClientIdentityService:attachSession] client found {"registeredClient":"697412f15edb97615a732457"}
2026-01-24 09:59:20 [INFO] [ClientIdentityService:attachSession] client validated {"clientId":"697412f15edb97615a732457"}
2026-01-24 09:59:20 [INFO] [ClientIdentityService:checkRegisteration] client found {}
2026-01-24 10:00:09 [INFO] [ClientIdentityService:attachSession] validating client
2026-01-24 10:00:09 [INFO] [ClientIdentityService:checkRegisteration] client found {}
2026-01-24 10:00:09 [INFO] [ClientIdentityService:attachSession] client found {"registeredClient":"697412f15edb97615a732457"}
2026-01-24 10:00:09 [INFO] [ClientIdentityService:attachSession] client validated {"clientId":"697412f15edb97615a732457"}
2026-01-24 10:00:09 [INFO] [ClientIdentityService:checkRegisteration] client found {}
2026-01-24 10:00:09 [INFO] [ClientIdentityService:attachSession] validating client
2026-01-24 10:00:09 [INFO] [ClientIdentityService:checkRegisteration] client found {}
2026-01-24 10:00:09 [INFO] [ClientIdentityService:attachSession] client found {"registeredClient":"697412f15edb97615a732457"}
2026-01-24 10:00:09 [INFO] [ClientIdentityService:attachSession] client validated {"clientId":"697412f15edb97615a732457"}
2026-01-24 10:00:09 [INFO] [ClientIdentityService:checkRegisteration] client found {}
2026-01-24 10:00:19 [INFO] [ClientIdentityService:attachSession] validating client
2026-01-24 10:00:19 [INFO] [ClientIdentityService:checkRegisteration] client found {}
2026-01-24 10:00:19 [INFO] [ClientIdentityService:attachSession] client found {"registeredClient":"697412f15edb97615a732457"}
2026-01-24 10:00:19 [INFO] [ClientIdentityService:attachSession] client validated {"clientId":"697412f15edb97615a732457"}
2026-01-24 10:00:19 [INFO] [ClientIdentityService:checkRegisteration] client found {}
2026-01-24 10:00:19 [INFO] [ClientIdentityService:attachSession] validating client
2026-01-24 10:00:19 [INFO] [ClientIdentityService:checkRegisteration] client found {}
2026-01-24 10:00:19 [INFO] [ClientIdentityService:attachSession] client found {"registeredClient":"697412f15edb97615a732457"}
2026-01-24 10:00:19 [INFO] [ClientIdentityService:attachSession] client validated {"clientId":"697412f15edb97615a732457"}
2026-01-24 10:00:19 [INFO] [ClientIdentityService:checkRegisteration] client found {}
2026-01-24 10:01:11 [INFO] [ClientIdentityService:attachSession] validating client
2026-01-24 10:01:11 [INFO] [ClientIdentityService:checkRegisteration] client found {}
2026-01-24 10:01:11 [INFO] [ClientIdentityService:attachSession] client found {"registeredClient":"697412f15edb97615a732457"}
2026-01-24 10:01:11 [INFO] [ClientIdentityService:attachSession] client validated {"clientId":"697412f15edb97615a732457"}
2026-01-24 10:01:14 [INFO] [ClientIdentityService:attachSession] validating client
2026-01-24 10:01:14 [INFO] [ClientIdentityService:checkRegisteration] client found {}
2026-01-24 10:01:14 [INFO] [ClientIdentityService:attachSession] client found {"registeredClient":"697412f15edb97615a732457"}
2026-01-24 10:01:14 [INFO] [ClientIdentityService:attachSession] client validated {"clientId":"697412f15edb97615a732457"}
2026-01-24 10:02:25 [INFO] [ClientIdentityService:attachSession] validating client
2026-01-24 10:02:25 [INFO] [ClientIdentityService:checkRegisteration] client found {}
2026-01-24 10:02:25 [INFO] [ClientIdentityService:attachSession] client found {"registeredClient":"6973f67552c9d67bbd51190b"}
2026-01-24 10:02:25 [INFO] [ClientIdentityService:attachSession] client validated {"clientId":"6973f67552c9d67bbd51190b"}
2026-01-24 10:02:25 [INFO] [ClientIdentityService:attachSession] validating client
2026-01-24 10:02:25 [INFO] [ClientIdentityService:checkRegisteration] client found {}
2026-01-24 10:02:25 [INFO] [ClientIdentityService:attachSession] client found {"registeredClient":"6973f67552c9d67bbd51190b"}
2026-01-24 10:02:25 [INFO] [ClientIdentityService:attachSession] client validated {"clientId":"6973f67552c9d67bbd51190b"}
2026-01-24 10:03:45 [INFO] [ClientIdentityService:attachSession] validating client
2026-01-24 10:03:45 [INFO] [ClientIdentityService:checkRegisteration] client found {}
2026-01-24 10:03:45 [INFO] [ClientIdentityService:attachSession] client found {"registeredClient":"6973f67552c9d67bbd51190b"}
2026-01-24 10:03:45 [INFO] [ClientIdentityService:attachSession] client validated {"clientId":"6973f67552c9d67bbd51190b"}
2026-01-24 10:03:46 [INFO] [ClientIdentityService:attachSession] validating client
2026-01-24 10:03:46 [INFO] [ClientIdentityService:checkRegisteration] client found {}
2026-01-24 10:03:46 [INFO] [ClientIdentityService:attachSession] client found {"registeredClient":"6973f67552c9d67bbd51190b"}
2026-01-24 10:03:46 [INFO] [ClientIdentityService:attachSession] client validated {"clientId":"6973f67552c9d67bbd51190b"}
2026-01-24 10:04:21 [INFO] [ClientIdentityService:attachSession] validating client
2026-01-24 10:04:21 [INFO] [ClientIdentityService:checkRegisteration] client found {}
2026-01-24 10:04:21 [INFO] [ClientIdentityService:attachSession] client found {"registeredClient":"6973f67552c9d67bbd51190b"}
2026-01-24 10:04:21 [INFO] [ClientIdentityService:attachSession] client validated {"clientId":"6973f67552c9d67bbd51190b"}
2026-01-24 10:04:21 [INFO] [ClientIdentityService:attachSession] validating client
2026-01-24 10:04:21 [INFO] [ClientIdentityService:checkRegisteration] client found {}
2026-01-24 10:04:21 [INFO] [ClientIdentityService:attachSession] client found {"registeredClient":"6973f67552c9d67bbd51190b"}
2026-01-24 10:04:21 [INFO] [ClientIdentityService:attachSession] client validated {"clientId":"6973f67552c9d67bbd51190b"}
2026-01-24 10:05:04 [INFO] [ClientIdentityService:attachSession] validating client
2026-01-24 10:05:04 [INFO] [ClientIdentityService:checkRegisteration] client found {}
2026-01-24 10:05:04 [INFO] [ClientIdentityService:attachSession] client found {"registeredClient":"6973f67552c9d67bbd51190b"}
2026-01-24 10:05:04 [INFO] [ClientIdentityService:attachSession] client validated {"clientId":"6973f67552c9d67bbd51190b"}
2026-01-24 10:05:04 [INFO] [ClientIdentityService:checkRegisteration] client found {}
2026-01-24 10:05:32 [INFO] [ClientIdentityService:attachSession] validating client
2026-01-24 10:05:32 [INFO] [ClientIdentityService:checkRegisteration] client found {}
2026-01-24 10:05:32 [INFO] [ClientIdentityService:attachSession] client found {"registeredClient":"6973f67552c9d67bbd51190b"}
2026-01-24 10:05:32 [INFO] [ClientIdentityService:attachSession] client validated {"clientId":"6973f67552c9d67bbd51190b"}
2026-01-24 10:05:32 [INFO] [ClientIdentityService:checkRegisteration] client found {}
2026-01-24 10:06:19 [INFO] [ClientIdentityService:attachSession] validating client
2026-01-24 10:06:19 [INFO] [ClientIdentityService:checkRegisteration] client found {}
2026-01-24 10:06:19 [INFO] [ClientIdentityService:attachSession] client found {"registeredClient":"6973f67552c9d67bbd51190b"}
2026-01-24 10:06:19 [INFO] [ClientIdentityService:attachSession] client validated {"clientId":"6973f67552c9d67bbd51190b"}
2026-01-24 10:06:20 [INFO] [ClientIdentityService:checkRegisteration] client found {}
2026-01-24 11:28:22 [INFO] [ClientIdentityService:attachSession] validating client
2026-01-24 11:28:22 [INFO] [ClientIdentityService:checkRegisteration] client found {"visitorId":"697487d9562a1f2ad6fdb65b"}
2026-01-24 11:28:22 [INFO] [ClientIdentityService:attachSession] client found {"registeredClient":"6973f67552c9d67bbd51190b"}
2026-01-24 11:28:22 [INFO] [ClientIdentityService:attachSession] client validated {"clientId":"6973f67552c9d67bbd51190b"}
2026-01-24 11:28:22 [INFO] [ClientIdentityService:checkRegisteration] client found {"visitorId":"697487d9562a1f2ad6fdb65b"}
2026-01-24 11:28:34 [INFO] [ClientIdentityService:attachSession] validating client
2026-01-24 11:28:34 [INFO] [ClientIdentityService:checkRegisteration] client found {"visitorId":"697487d9562a1f2ad6fdb65b"}
2026-01-24 11:28:34 [INFO] [ClientIdentityService:attachSession] client found {"registeredClient":"6973f67552c9d67bbd51190b"}
2026-01-24 11:28:34 [INFO] [ClientIdentityService:attachSession] client validated {"clientId":"6973f67552c9d67bbd51190b"}
2026-01-24 11:28:34 [INFO] [ClientIdentityService:checkRegisteration] client found {"visitorId":"697487d9562a1f2ad6fdb65b"}
